Date,Return
2015-01-05,-0.018059459578049886
2015-01-06,-0.009419182788620528
2015-01-07,0.012461457931531195
2015-01-08,0.01774471199957328
2015-01-09,-0.008013295787220431
2015-01-12,-0.007833687196088457
2015-01-13,-0.00281284148522154
2015-01-14,-0.006036930015238529
2015-01-15,-0.009160880193904153
2015-01-16,0.013114610128415638
2015-01-20,0.0021321378459602247
2015-01-21,0.005048667354378145
2015-01-22,0.014870542121218966
2015-01-23,-0.005482709468490055
2015-01-26,0.0023418600876248252
2015-01-27,-0.013190697107015925
2015-01-28,-0.01282391085678991
2015-01-29,0.00924344977966074
2015-01-30,-0.012575106330718566
2015-02-02,0.012383989373892845
2015-02-03,0.014461385916539893
2015-02-04,-0.0038082949796763854
2015-02-05,0.010095335659002114
2015-02-06,-0.0027650432333549135
2015-02-09,-0.004476106412234837
2015-02-10,0.01065347077167167
2015-02-11,0.0005801674680991908
2015-02-12,0.009616660744993899
2015-02-13,0.004116708113784062
2015-02-17,0.0015730688379185231
2015-02-18,9.513227921065237e-05
2015-02-19,-0.0007140781421204334
2015-02-20,0.006000623149017503
2015-02-23,-0.00014189174128487192
2015-02-24,0.0028409265874072
2015-02-25,-0.0008499241244207534
2015-02-26,-0.001181435081323956
2015-02-27,-0.0034060930912682696
2015-03-02,0.006313563416241896
2015-03-03,-0.00410419073575885
2015-03-04,-0.004215608163829154
2015-03-05,0.001094050618272835
2015-03-06,-0.014064261857594018
2015-03-09,0.004144702767544084
2015-03-10,-0.01622205902473317
2015-03-11,-0.0023415668333744977
2015-03-12,0.012713808420452333
2015-03-13,-0.006132370200891746
2015-03-16,0.013360743821624999
2015-03-17,-0.002972929007024505
2015-03-18,0.012021704737409822
2015-03-19,-0.004561106950493277
2015-03-20,0.00882662518447841
2015-03-23,-0.0019485292842852386
2015-03-24,-0.005619190574601696
2015-03-25,-0.01465353377054135
2015-03-26,-0.002381627349914539
2015-03-27,0.0022897483800312646
2015-03-30,0.012199814110904317
2015-03-31,-0.008739424964720688
2015-04-01,-0.003536238983381179
2015-04-02,0.003597557363890891
2015-04-06,0.006733035147563848
2015-04-07,-0.0026463807316381427
2015-04-08,0.0033768099261228812
2015-04-09,0.004423795834845867
2015-04-10,0.005456778753409441
2015-04-13,-0.0045226510736617875
2015-04-14,0.0019132883383885524
2015-04-15,0.00448654875567267
2015-04-16,-0.000284996766482859
2015-04-17,-0.011503261967012235
2015-04-20,0.009136646665514725
2015-04-21,-0.001191289799366002
2015-04-22,0.004914079320219367
2015-04-23,0.0025162061357950627
2015-04-24,0.002320722522367147
2015-04-27,-0.004157838789058621
2015-04-28,0.003178800129945536
2015-04-29,-0.004114695974957949
2015-04-30,-0.010020397323366681
2015-05-01,0.01084157190017998
2015-05-04,0.0028471693373719464
2015-05-05,-0.01145171952734092
2015-05-06,-0.0041170534355170485
2015-05-07,0.0039895875316204865
2015-05-08,0.013166197526495838
2015-05-11,-0.004772621924531983
2015-05-12,-0.002991379896413293
2015-05-13,0.0001904049788816753
2015-05-14,0.0104276383438755
2015-05-15,0.0010839253551808703
2015-05-18,0.003106847531109791
2015-05-19,-0.0003285013337770426
2015-05-20,-0.0007040526651599377
2015-05-21,0.0029124430943903157
2015-05-22,-0.0023890047006939197
2015-05-26,-0.010751516892261948
2015-05-27,0.009492043650415782
2015-05-28,-0.0011282492798910804
2015-05-29,-0.006212938175470306
2015-06-01,0.0020364717983556435
2015-06-02,-0.0009924585392945273
2015-06-03,0.002649300373275265
2015-06-04,-0.00844640929056828
2015-06-05,-0.001713289381069183
2015-06-08,-0.0061496639665915565
2015-06-09,-0.00014374371449332735
2015-06-10,0.011993431814121047
2015-06-11,0.0032233832242962723
2015-06-12,-0.0076550698936667105
2015-06-15,-0.0042854110510139876
2015-06-16,0.005451909991499138
2015-06-17,0.0016170575278626753
2015-06-18,0.010399324426737078
2015-06-19,-0.004439037193962769
2015-06-22,0.0051231127033994905
2015-06-23,0.0007074978928829356
2015-06-24,-0.007262755577226554
2015-06-25,-0.003040023454442764
2015-06-26,-0.00019071598065856232
2015-06-29,-0.020970561850046976
2015-06-30,0.002093472689644882
2015-07-01,0.008015238467430796
2015-07-02,-0.0009157015701639626
2015-07-06,-0.002845496849544049
2015-07-07,0.006288335679956569
2015-07-08,-0.016777191494025345
2015-07-09,0.0018090975642721663
2015-07-10,0.012591471943761201
2015-07-13,0.011037155445939195
2015-07-14,0.004338423324308005
2015-07-15,-0.00033238932353085726
2015-07-16,0.008024208884364725
2015-07-17,0.0008478026640976744
2015-07-20,0.0005180234398771688
2015-07-21,-0.003951384286572712
2015-07-22,-0.0017949875615248523
2015-07-23,-0.00562968494563143
2015-07-24,-0.010372109869645207
2015-07-27,-0.0058170625923928965
2015-07-28,0.012282839652998145
2015-07-29,0.006878997725903835
2015-07-30,0.00023743035763712506
2015-07-31,-0.0015181776220463128
2015-08-03,-0.003372697131573399
2015-08-04,-0.0019542583962726123
2015-08-05,0.0032952905225287488
2015-08-06,-0.008187838484949195
2015-08-07,-0.0019198498201246084
2015-08-10,0.012599261639606896
2015-08-11,-0.009023250794255033
2015-08-12,0.0011982292129413263
2015-08-13,-0.0012444932217517968
2015-08-14,0.0036420948500042183
2015-08-17,0.005586936454762492
2015-08-18,-0.0028962475054751247
2015-08-19,-0.007905737633000176
2015-08-20,-0.020881511836304267
2015-08-21,-0.030102524677639853
2015-08-24,-0.04210670608093692
2015-08-25,-0.011767995263606501
2015-08-26,0.03839411899775058
2015-08-27,0.0247350225715377
2015-08-28,5.000790653242326e-05
2015-08-31,-0.008078742210109624
2015-09-01,-0.029847885945772146
2015-09-02,0.018980752708618764
2015-09-03,0.0007166341990658687
2015-09-04,-0.015136839445671346
2015-09-08,0.02513118217345589
2015-09-09,-0.0133718332983509
2015-09-10,0.0054418559879472195
2015-09-11,0.004544549654452945
2015-09-14,-0.003710806731653027
2015-09-15,0.012499141097295219
2015-09-16,0.00866692470830377
2015-09-17,-0.0022481055043629405
2015-09-18,-0.016341282365305076
2015-09-21,0.0051676903221800075
2015-09-22,-0.01297983175126205
2015-09-23,-0.001598639215056652
2015-09-24,-0.003615872305525958
2015-09-25,-0.00025901997028054957
2015-09-28,-0.025097363650860016
2015-09-29,0.0005852029798578684
2015-09-30,0.01865833354530899
2015-10-01,0.0026090615133744777
2015-10-02,0.014937500076363186
2015-10-05,0.017794922374726907
2015-10-06,-0.003426065905367204
2015-10-07,0.008190808021198315
2015-10-08,0.009026637736366139
2015-10-09,0.0005960813172660728
2015-10-12,0.0009436367838784321
2015-10-13,-0.006302095943543806
2015-10-14,-0.00479412841230531
2015-10-15,0.015354767415078241
2015-10-16,0.00454653189961296
2015-10-19,0.0004920558607326431
2015-10-20,-0.0012786805217470665
2015-10-21,-0.00620315274106753
2015-10-22,0.016893391853101347
2015-10-23,0.010961590315169634
2015-10-26,-0.002457435203420677
2015-10-27,-0.0019323210463617624
2015-10-28,0.01137452895287372
2015-10-29,-0.0005741740587399402
2015-10-30,-0.004309990004115916
2015-11-02,0.011831349876976871
2015-11-03,0.0028992838734500648
2015-11-04,-0.0030331367753670957
2015-11-05,-0.0009981551983687664
2015-11-06,-0.0005238075065843173
2015-11-09,-0.009331342348931182
2015-11-10,0.0023067323068441947
2015-11-11,-0.003931753670710414
2015-11-12,-0.013959619091726383
2015-11-13,-0.011228600645286413
2015-11-16,0.015206895245142737
2015-11-17,-0.0007292531688790627
2015-11-18,0.01586580104841606
2015-11-19,-0.0008622554116973769
2015-11-20,0.0036437854465565245
2015-11-23,-0.0011462871924340368
2015-11-24,0.0013394311943228931
2015-11-25,-0.00014344174096003748
2015-11-27,0.001146404547867741
2015-11-30,-0.004151248627445203
2015-12-01,0.009535600350506046
2015-12-02,-0.010205181872958491
2015-12-03,-0.014002509840542299
2015-12-04,0.01950284553356041
2015-12-07,-0.00605874535653117
2015-12-08,-0.006719432950234028
2015-12-09,-0.0077798406826281585
2015-12-10,0.002581369326993821
2015-12-11,-0.019381206890230374
2015-12-14,0.005052649957834943
2015-12-15,0.010497790922401551
2015-12-16,0.014631874508391984
2015-12-17,-0.015238285706746346
2015-12-18,-0.01781487088828604
2015-12-21,0.00824918629040683
2015-12-22,0.00907428448340708
2015-12-23,0.01238318651469017
2015-12-24,-0.0016503375520147134
2015-12-28,-0.002285020079672906
2015-12-29,0.010671957814971211
2015-12-30,-0.007087894987019117
2015-12-31,-0.010003372550161371
2016-01-04,-0.013979677514107225
2016-01-05,0.0016915656836571369
2016-01-06,-0.012614370974350253
2016-01-07,-0.02399127550584179
2016-01-08,-0.010976652920103303
2016-01-11,0.0009901270694250286
2016-01-12,0.00806829062179415
2016-01-13,-0.024940652033727417
2016-01-14,0.016416781192953644
2016-01-15,-0.021466194617827727
2016-01-19,0.0013308361835662197
2016-01-20,-0.012814561783355716
2016-01-21,0.0056019632832917665
2016-01-22,0.02051517451003848
2016-01-25,-0.01511650278520904
2016-01-26,0.013643095854771081
2016-01-27,-0.010883431537904054
2016-01-28,0.005209523548719952
2016-01-29,0.02437726975148302
2016-02-01,-0.0003615696831511528
2016-02-02,-0.018021989756702217
2016-02-03,0.005994895743734574
2016-02-04,0.001568262194146408
2016-02-05,-0.0190502253569792
2016-02-08,-0.013461192247283926
2016-02-09,5.4020295948031816e-05
2016-02-10,-0.0008628259665601767
2016-02-11,-0.013008405308893578
2016-02-12,0.020617394902342046
2016-02-16,0.016878363575313804
2016-02-17,0.016334505984151315
2016-02-18,-0.004095937501192415
2016-02-19,-0.0004684597532984558
2016-02-22,0.014478759515344608
2016-02-23,-0.012628839804484038
2016-02-24,0.004575388628021759
2016-02-25,0.012111924855688905
2016-02-26,-0.00230161449921662
2016-02-29,-0.00784208831842692
2016-03-01,0.023506708107505547
2016-03-02,0.00449213796572856
2016-03-03,0.0039199997835102085
2016-03-04,0.0032535367723782738
2016-03-07,0.0007982527105261372
2016-03-08,-0.010917755077385682
2016-03-09,0.004939313094201259
2016-03-10,0.0008024567258126947
2016-03-11,0.01613711124469175
2016-03-14,-0.0012823764644743774
2016-03-15,-0.0016293840501021561
2016-03-16,0.005787400725358438
2016-03-17,0.006343890004634645
2016-03-18,0.003929695151027923
2016-03-21,0.0014187713843503147
2016-03-22,-0.0005374915166213023
2016-03-23,-0.006599335840997145
2016-03-24,-0.000442925296606167
2016-03-28,0.0005908287551430469
2016-03-29,0.009250060673565264
2016-03-30,0.004387400317521273
2016-03-31,-0.0024269610249025853
2016-04-01,0.006812423098579767
2016-04-04,-0.0032382988716572747
2016-04-05,-0.009987689103185149
2016-04-06,0.010921158193768044
2016-04-07,-0.011966114695683427
2016-04-08,0.0026967704164688744
2016-04-11,-0.0023470183060616545
2016-04-12,0.009312909758882215
2016-04-13,0.010100651811061345
2016-04-14,4.859575024163121e-05
2016-04-15,-0.001106057646697689
2016-04-18,0.00702668341642898
2016-04-19,0.003154342585263592
2016-04-20,0.0009527371582125355
2016-04-21,-0.005378546774920445
2016-04-22,0.0
2016-04-25,-0.0017225252479933228
2016-04-26,0.0014859686905592806
2016-04-27,0.0020583612076869873
2016-04-28,-0.0090756341517364
2016-04-29,-0.005399474325595177
2016-05-02,0.007949041657513645
2016-05-03,-0.008703239398377027
2016-05-04,-0.005578356562120468
2016-05-05,-0.00019521443273173844
2016-05-06,0.003658916014655844
2016-05-09,0.0008266896353796849
2016-05-10,0.01243399123303468
2016-05-11,-0.009355044656105815
2016-05-12,0.00029040612492292617
2016-05-13,-0.0087141501624306
2016-05-16,0.009865526545605796
2016-05-17,-0.00933369767742731
2016-05-18,0.00029318111976350814
2016-05-19,-0.0034654606100283925
2016-05-20,0.006317731916838154
2016-05-23,-0.0013627873620656317
2016-05-24,0.012962189241679578
2016-05-25,0.006783260580266237
2016-05-26,0.00028697511841246914
2016-05-27,0.004298955763145429
2016-05-31,-0.0019026477034441713
2016-06-01,0.0020493367612632873
2016-06-02,0.0030438526601712645
2016-06-03,-0.002987367890193937
2016-06-06,0.0050883324284332065
2016-06-07,0.001561425959857754
2016-06-08,0.003260055070481549
2016-06-09,-0.0013658132618264984
2016-06-10,-0.009477689246852439
2016-06-13,-0.0077113693837662645
2016-06-14,-0.001967305191979074
2016-06-15,-0.0013935542664229583
2016-06-16,0.002984067466022644
2016-06-17,-0.00372425752897132
2016-06-20,0.006440002150653212
2016-06-21,0.002838817851011699
2016-06-22,-0.0016312026271073643
2016-06-23,0.013022706647395133
2016-06-24,-0.03590893496116465
2016-06-27,-0.01790999268428639
2016-06-28,0.01803607392802742
2016-06-29,0.017027400903658618
2016-06-30,0.013645761093483477
2016-07-01,0.0021003328983117964
2016-07-05,-0.007193278329362451
2016-07-06,0.0059977363783536575
2016-07-07,-0.0006200260534660051
2016-07-08,0.014890620495514595
2016-07-11,0.003526821732420249
2016-07-12,0.007263210133578113
2016-07-13,-0.00013959976771393823
2016-07-14,0.005583530383308277
2016-07-15,-0.0013415834136886184
2016-07-18,0.0026872652470570912
2016-07-19,-0.0010166606244975673
2016-07-20,0.004162985081691772
2016-07-21,-0.0037772938450798543
2016-07-22,0.004485190140221418
2016-07-25,-0.0027161119199710093
2016-07-26,0.0004619272477295322
2016-07-27,-0.0010612945990858824
2016-07-28,0.0011544855991254543
2016-07-29,0.0016148258105928015
2016-08-01,-0.000829145261945885
2016-08-02,-0.006407151782434117
2016-08-03,0.0029226923155858398
2016-08-04,0.0010640108500015177
2016-08-05,0.008178847548192758
2016-08-08,-0.0005961394818186916
2016-08-09,0.0005964950760843912
2016-08-10,-0.0024750252082884616
2016-08-11,0.004640299068887188
2016-08-12,-0.0008686019725309135
2016-08-15,0.0028835981267103517
2016-08-16,-0.005157436797457282
2016-08-17,0.0018811082220031583
2016-08-18,0.002243849306400092
2016-08-19,-0.0014620554757959203
2016-08-22,-4.601271755744207e-05
2016-08-23,0.002013677462511021
2016-08-24,-0.00511490732364317
2016-08-25,-0.0006887070314500754
2016-08-26,-0.0018834368139550861
2016-08-29,0.00492453998925968
2016-08-30,-0.0016487109804118605
2016-08-31,-0.0028437193116852555
2016-09-01,4.5767877096203335e-05
2016-09-02,0.004508093024837123
2016-09-06,0.0030222811469959865
2016-09-07,-9.133289737961459e-05
2016-09-08,-0.002282800915034855
2016-09-09,-0.02393510048044356
2016-09-12,0.014347421360072499
2016-09-13,-0.014375245234626188
2016-09-14,-0.0003754353938260069
2016-09-15,0.009993116099699995
2016-09-16,-0.003865664167681415
2016-09-19,0.00018748016877356832
2016-09-20,4.671630356756218e-05
2016-09-21,0.011245347948558582
2016-09-22,0.006301719677617168
2016-09-23,-0.005479342342179505
2016-09-26,-0.008102415076538416
2016-09-27,0.00620817596031098
2016-09-28,0.004963482772458949
2016-09-29,-0.009047458809836706
2016-09-30,0.007546410726510411
2016-10-03,-0.0024041457416718037
2016-10-04,-0.005097999540425557
2016-10-05,0.004425217423810857
2016-10-06,0.0006958257097597897
2016-10-07,-0.003429441191059701
2016-10-10,0.005208349602575657
2016-10-11,-0.012629654701719173
2016-10-12,0.001312158248123474
2016-10-13,-0.003275393793335968
2016-10-14,0.0005160890919644334
2016-10-17,-0.003472162318902128
2016-10-18,0.006262546191708962
2016-10-19,0.002667031931925745
2016-10-20,-0.0018665926200173155
2016-10-21,0.00046745883969534496
2016-10-24,0.004252829609164399
2016-10-25,-0.003350361671908497
2016-10-26,-0.002007945117267318
2016-10-27,-0.002666740326977335
2016-10-28,-0.0029554793248295352
2016-10-31,4.69075335245428e-05
2016-11-01,-0.007245044355895347
2016-11-02,-0.006018713250610319
2016-11-03,-0.004577060572729219
2016-11-04,-0.0011020282959480765
2016-11-07,0.02205716882779374
2016-11-08,0.004504003180584304
2016-11-09,0.01060171697404133
2016-11-10,0.002495979661601311
2016-11-11,-0.0023050273325750936
2016-11-14,0.0007852553002691831
2016-11-15,0.0078028095860152025
2016-11-16,-0.001878304281730414
2016-11-17,0.005140777682886233
2016-11-18,-0.002237551982521957
2016-11-21,0.007551522273726352
2016-11-22,0.0019532426188129115
2016-11-23,0.0005439761612144878
2016-11-25,0.0037156567463947354
2016-11-28,-0.004694906112650443
2016-11-29,0.0019499982040966923
2016-11-30,-0.0023989461920690403
2016-12-01,-0.0036754119257499385
2016-12-02,0.0005006701363909905
2016-12-05,0.006008817008569034
2016-12-06,0.00316759084727658
2016-12-07,0.013080608216588185
2016-12-08,0.002448861761340293
2016-12-09,0.006040503358007321
2016-12-12,-0.001147732987377248
2016-12-13,0.006673672806896791
2016-12-14,-0.008253919173852098
2016-12-15,0.0041170520251569975
2016-12-16,-0.0019558212746436654
2016-12-19,0.002177133043756996
2016-12-20,0.003857730327749387
2016-12-21,-0.0027825339641383007
2016-12-22,-0.0017275126985104583
2016-12-23,0.0014641511046356026
2016-12-27,0.0024809332513335836
2016-12-28,-0.008264404400744274
2016-12-29,-0.00022256312370239062
2016-12-30,-0.003655249895253787
2017-01-03,0.007650136353230419
2017-01-04,0.005949109217425086
2017-01-05,-0.0007944335207358266
2017-01-06,0.0035777543519590616
2017-01-09,-0.0033005618086157096
2017-01-10,0.0
2017-01-11,0.002825794776605939
2017-01-12,-0.0025097006860993476
2017-01-13,0.002295389625108779
2017-01-17,-0.0035235492671134017
2017-01-18,0.0022099956457191094
2017-01-19,-0.003704524922191421
2017-01-20,0.003674193267093173
2017-01-23,-0.00260219435318787
2017-01-24,0.006411688494449175
2017-01-25,0.008655593722708188
2017-01-26,-0.0010454995142231693
2017-01-27,-0.0015696607053173883
2017-01-30,-0.006201787179371032
2017-01-31,-8.803997076456405e-05
2017-02-01,0.00039559687242141095
2017-02-02,0.0006588615175617818
2017-02-03,0.006893199538930972
2017-02-06,-0.0017881274345765696
2017-02-07,4.3984933663310244e-05
2017-02-08,0.0013103556320996912
2017-02-09,0.005932617606727364
2017-02-10,0.00394613046479475
2017-02-13,0.0054426884947051946
2017-02-14,0.003994955044298809
2017-02-15,0.005220766482421979
2017-02-16,-0.0008513582122030572
2017-02-17,0.0015764408344296488
2017-02-21,0.005955047965551019
2017-02-22,-0.0008879878722406476
2017-02-23,0.0006772555842533556
2017-02-24,0.0012686417461695854
2017-02-27,0.0015629156888081752
2017-02-28,-0.0026990949382816876
2017-03-01,0.013997507329863712
2017-03-02,-0.006297433117714579
2017-03-03,0.0006295597632246519
2017-03-06,-0.0029779135986399696
2017-03-07,-0.002986955909428768
2017-03-08,-0.0018563871440667734
2017-03-09,0.0012679982542644908
2017-03-10,0.0035044104497521378
2017-03-13,0.0005046697104573727
2017-03-14,-0.0038264167518442527
2017-03-15,0.008653467621877464
2017-03-16,-0.0019669233288946986
2017-03-17,-0.0017562187408649566
2017-03-20,-0.0010970118404346474
2017-03-21,-0.012839401655594274
2017-03-22,0.002353161882550525
2017-03-23,-0.001067318434690212
2017-03-24,-0.0007262619118467706
2017-03-27,-0.0010261397408546369
2017-03-28,0.007276786072046182
2017-03-29,0.0009348601799232803
2017-03-30,0.003184083844743224
2017-03-31,-0.0023274453726778166
2017-04-03,-0.0017395434969373902
2017-04-04,0.0006374892766629614
2017-04-05,-0.0029727574509897936
2017-04-06,0.002811330040890736
2017-04-07,-0.0010194763987646516
2017-04-10,0.0005952890629805641
2017-04-11,-0.0011899441577533088
2017-04-12,-0.004381799713358614
2017-04-13,-0.006494489112052526
2017-04-17,0.00885940703198873
2017-04-18,-0.002984141220608194
2017-04-19,-0.0018384437875966775
2017-04-20,0.008139039755508115
2017-04-21,-0.00318701320001602
2017-04-24,0.010998076054580475
2017-04-25,0.005818603004101863
2017-04-26,-0.0006288842255973703
2017-04-27,0.0008391133537701823
2017-04-28,-0.0021793669048773
2017-05-01,0.00252020863082536
2017-05-02,0.0003768757098949749
2017-05-03,-0.0012144001832592455
2017-05-04,0.0011740562189652692
2017-05-05,0.003936925646686573
2017-05-08,-0.00016708767065987118
2017-05-09,-0.0009179311308534777
2017-05-10,0.0017961884413593143
2017-05-11,-0.0020428746921846708
2017-05-12,-0.001670990512682935
2017-05-15,0.0055234764405327486
2017-05-16,-0.0009156317600655939
2017-05-17,-0.017744042902645196
2017-05-18,0.0040285230860823695
2017-05-19,0.006504241557695467
2017-05-22,0.005077183080060221
2017-05-23,0.002213073827689982
2017-05-24,0.0023328279662375717
2017-05-25,0.004779293461286249
2017-05-26,-0.0002066999890787402
2017-05-30,-0.0008688840692353539
2017-05-31,-0.0002483649788570519
2017-06-01,0.007952335123821985
2017-06-02,0.003328306937023573
2017-06-05,-0.0007372339323956645
2017-06-06,-0.003196583159173594
2017-06-07,0.001849999733813057
2017-06-08,0.000492326535143528
2017-06-09,-0.0015175230016738483
2017-06-12,-0.00020537069158244048
2017-06-13,0.004889789915903053
2017-06-14,-0.001267548727754142
2017-06-15,-0.0019244398560427367
2017-06-16,0.00021841796772381628
2017-06-19,0.00832526793773991
2017-06-20,-0.006744046356644939
2017-06-21,-0.0002468419457049009
2017-06-22,-0.0004530255960536467
2017-06-23,0.0011943470108306542
2017-06-26,0.0006579442090237642
2017-06-27,-0.008056181135106755
2017-06-28,0.008950553661871252
2017-06-29,-0.008788914310248641
2017-06-30,0.0018644447719831092
2017-07-03,0.0016959983454798433
2017-07-05,0.0023116586934714967
2017-07-06,-0.009144261931528286
2017-07-07,0.006484970705797011
2017-07-10,0.0010738165255983478
2017-07-11,-0.0007426250621338504
2017-07-12,0.007514808180252519
2017-07-13,0.0016800667402658842
2017-07-14,0.004664296263241496
2017-07-17,-0.00012231659548311846
2017-07-18,0.0005295360861077292
2017-07-19,0.005414187160651895
2017-07-20,0.0004453334978278267
2017-07-21,-0.0008904819270996178
2017-07-24,-0.00024304310277034613
2017-07-25,0.002430739686022809
2017-07-26,4.053607552378935e-05
2017-07-27,-0.000929265937614554
2017-07-28,-0.001173422208848418
2017-07-31,-0.0005669141724100601
2017-08-01,0.002229076311024425
2017-08-02,0.0004850804666827191
2017-08-03,-0.0019399440661658218
2017-08-04,0.0018220210727504238
2017-08-07,0.001859315434950215
2017-08-08,-0.002460834993746608
2017-08-09,-4.0421450663852276e-05
2017-08-10,-0.014115473541295276
2017-08-11,0.0014770664679910617
2017-08-14,0.009913018842731436
2017-08-15,-0.00012168913560384187
2017-08-16,0.0017443996760400093
2017-08-17,-0.015590958173606229
2017-08-18,-0.0015632240091266736
2017-08-21,0.0007830509746455938
2017-08-22,0.010456931055538243
2017-08-23,-0.003585309044019769
2017-08-24,-0.002330812303430907
2017-08-25,0.002336257681579079
2017-08-28,4.072531501253529e-05
2017-08-29,0.0011449612662495223
2017-08-30,0.004737386761970441
2017-08-31,0.006016241253815169
2017-09-01,0.0014141395664291068
2017-09-05,-0.007181834085188021
2017-09-06,0.0034137293328235785
2017-09-07,-0.00012179377190235652
2017-09-08,-0.0011744268224387344
2017-09-11,0.010665736245517587
2017-09-12,0.003370580833223391
2017-09-13,0.00048006313937487555
2017-09-14,-0.0003197493232123261
2017-09-15,0.0013458970817266103
2017-09-18,0.0021272065926856154
2017-09-19,0.001001052117709511
2017-09-20,0.00035994350696011423
2017-09-21,-0.0026792388849660176
2017-09-22,0.00020050314757291687
2017-09-25,-0.0020448471608895957
2017-09-26,0.0006026211304666074
2017-09-27,0.00389457518259384
2017-09-28,0.0011997049310685792
2017-09-29,0.0035150744719636418
2017-10-02,0.004338624878672315
2017-10-03,0.0021402336458353766
2017-10-04,0.0011861671978414812
2017-10-05,0.005925315037085932
2017-10-06,-0.001138730076135741
2017-10-09,-0.0016514300757805023
2017-10-10,0.002638539889213032
2017-10-11,0.0015709418090790184
2017-10-12,-0.0014902101941003387
2017-10-13,0.0012176124114136044
2017-10-16,0.0013334973417720164
2017-10-17,0.0007050889108362046
2017-10-18,0.0009785888503266449
2017-10-19,0.0002736611168816516
2017-10-20,0.0051605451377003675
2017-10-23,-0.003889454764037903
2017-10-24,0.001757180090596222
2017-10-25,-0.004950156716694076
2017-10-26,0.0012926290688022313
2017-10-27,0.008176308064916427
2017-10-30,-0.0037250942686110067
2017-10-31,0.001557774196837558
2017-11-01,0.0013222911745132127
2017-11-02,0.00038839163873283233
2017-11-03,0.003338723325257309
2017-11-06,0.0015475275793292997
2017-11-07,-0.0006953247842120813
2017-11-08,0.0017008729022003344
2017-11-09,-0.0036275343558911377
2017-11-10,-0.0003100559395946556
2017-11-13,0.0009297849873894926
2017-11-14,-0.0023222361556689552
2017-11-15,-0.005005666164015987
2017-11-16,0.008501161736927942
2017-11-17,-0.0029386649494530515
2017-11-20,0.0017062158721550258
2017-11-21,0.006542713375706555
2017-11-22,-0.0008842714047460065
2017-11-24,0.002309651517895306
2017-11-27,-0.0004993700643617371
2017-11-28,0.010144793796408313
2017-11-29,-0.0006084974640775398
2017-11-30,0.008754917126488904
2017-12-01,-0.0020755379164544285
2017-12-04,-0.001209809031519904
2017-12-05,-0.003596762238358586
2017-12-06,0.0001900559088263698
2017-12-07,0.0031529990415419817
2017-12-08,0.005453033509878358
2017-12-11,0.003013214159489852
2017-12-12,0.0017650874804810979
2017-12-13,-0.000112680827561773
2017-12-14,-0.004086260756061222
2017-12-15,0.008327231501405352
2017-12-18,0.006341641965557754
2017-12-19,-0.003840588764301489
2017-12-20,-0.0005239761173737589
2017-12-21,0.0020594968186349316
2017-12-22,-0.000261425613525601
2017-12-26,-0.0011965701372850246
2017-12-27,0.00048690470222712
2017-12-28,0.002057198129937099
2017-12-29,-0.003770415360899948
2018-01-02,0.007157505691561816
2018-01-03,0.006324937710112888
2018-01-04,0.004214851635081063
2018-01-05,0.006664100930900085
2018-01-08,0.0018285310357253337
2018-01-09,0.002263635287512722
2018-01-10,-0.001529918457719659
2018-01-11,0.007296201546814318
2018-01-12,0.006518605291285784
2018-01-16,-0.0034181610046933875
2018-01-17,0.009531531209687083
2018-01-18,-0.001680841264011912
2018-01-19,0.004549938755099792
2018-01-22,0.008131069893439147
2018-01-23,0.0021226126020099656
2018-01-24,-0.00038840353490421364
2018-01-25,0.0004233739942813841
2018-01-26,0.01157783155215264
2018-01-29,-0.006629859378047942
2018-01-30,-0.010257005224538984
2018-01-31,0.0004968438090331428
2018-02-01,-0.00113493926423891
2018-02-02,-0.021770291020278387
2018-02-05,-0.04182250017929645
2018-02-06,0.019702447396906297
2018-02-07,-0.005424819855884722
2018-02-08,-0.03750910061016355
2018-02-09,0.015021841880004105
2018-02-12,0.014684495155465216
2018-02-13,0.0024870327637105394
2018-02-14,0.013496471565341395
2018-02-15,0.012759999961634794
2018-02-16,0.0002930157138121281
2018-02-20,-0.006261289414090987
2018-02-21,-0.004974281928397439
2018-02-22,0.0012960662372574205
2018-02-23,0.0159396461978929
2018-02-26,0.011612051604265483
2018-02-27,-0.012486497638459104
2018-02-28,-0.010129927494774482
2018-03-01,-0.014540867869203278
2018-03-02,0.0051546912874385065
2018-03-05,0.011558148889596387
2018-03-06,0.0025350837311006735
2018-03-07,-0.00036664468314673293
2018-03-08,0.00483909618132583
2018-03-09,0.017402382809279304
2018-03-12,-0.0012550128965973517
2018-03-13,-0.006462683555710669
2018-03-14,-0.005131752396357547
2018-03-15,-0.0010897019502678074
2018-03-16,0.0010844342378077965
2018-03-19,-0.013530099179609345
2018-03-20,0.00170030428000989
2018-03-21,-0.0019190133772037932
2018-03-22,-0.024997044583677352
2018-03-23,-0.02131468214536414
2018-03-26,0.027358980790688214
2018-03-27,-0.017011717008226235
2018-03-28,-0.002954893695969796
2018-03-29,0.012777729943797667
2018-04-02,-0.021584576645861442
2018-04-03,0.012817028109664674
2018-04-04,0.01069915663650911
2018-04-05,0.00789206268179643
2018-04-06,-0.02228608624448114
2018-04-09,0.004928420496496555
2018-04-10,0.015900593546377184
2018-04-11,-0.005242364918562004
2018-04-12,0.008227108742189237
2018-04-13,-0.0029329866019948136
2018-04-16,0.008221730427868668
2018-04-17,0.010698327335868951
2018-04-18,0.0007401774926310001
2018-04-19,-0.00554766975264942
2018-04-20,-0.008479254292513172
2018-04-23,-0.00015017787255267034
2018-04-24,-0.013467091581877866
2018-04-25,0.002471464072988372
2018-04-26,0.010166081535885496
2018-04-27,0.0009387662158146792
2018-04-30,-0.007690714763504469
2018-05-01,0.0017767817408658182
2018-05-02,-0.006717544906256978
2018-05-03,-0.0022033128886301823
2018-05-04,0.01294617689863542
2018-05-07,0.0033833982298829834
2018-05-08,0.0
2018-05-09,0.009665829426297456
2018-05-10,0.009350380783584633
2018-05-11,0.003051248823717767
2018-05-14,0.0004766641888518386
2018-05-15,-0.0068870474901168155
2018-05-16,0.0042049385529248084
2018-05-17,-0.0008445297165858845
2018-05-18,-0.002500383297846076
2018-05-21,0.007518433973766614
2018-05-22,-0.0027796806338008517
2018-05-23,0.00275064768450628
2018-05-24,-0.0020481881323294315
2018-05-25,-0.0023826878075401403
2018-05-29,-0.011500972088624994
2018-05-30,0.01334482551749927
2018-05-31,-0.00612607040748625
2018-06-01,0.009817719358646837
2018-06-04,0.004751127601327232
2018-06-05,0.000727808219879611
2018-06-06,0.008360430760308901
2018-06-07,-0.00010800475542771526
2018-06-08,0.002956121624881458
2018-06-11,0.001330394976592597
2018-06-12,0.0012924469974382458
2018-06-13,-0.0031909670480544383
2018-06-14,0.0025175698189026097
2018-06-15,-0.0012755817023385463
2018-06-18,-0.002056933704564168
2018-06-19,-0.0038326700495868726
2018-06-20,0.0017060333013383389
2018-06-21,-0.006268770993737016
2018-06-22,0.0018230687189080275
2018-06-25,-0.013613045370098775
2018-06-26,0.0022142169429286707
2018-06-27,-0.008284182155468223
2018-06-28,0.005717436528312803
2018-06-29,0.0014397052368055885
2018-07-02,0.0021379605826905568
2018-07-03,-0.0035312501650410777
2018-07-05,0.008158071122237764
2018-07-06,0.008458177934724365
2018-07-09,0.009004362887535144
2018-07-10,0.0035986095151938624
2018-07-11,-0.007314268974524141
2018-07-12,0.009065320102041863
2018-07-13,0.0007877267582367953
2018-07-16,-0.0008945811904416123
2018-07-17,0.004045771511292262
2018-07-18,0.0021035585590005734
2018-07-19,-0.0037713661998161063
2018-07-20,-0.0011430061623683985
2018-07-23,0.001859663232828046
2018-07-24,0.005031638676077144
2018-07-25,0.008522506042740963
2018-07-26,-0.0023587554283632794
2018-07-27,-0.0067767713293775955
2018-07-30,-0.005223136705077569
2018-07-31,0.004929101916910206
2018-08-01,-0.0016705580129157127
2018-08-02,0.005447831703097927
2018-08-03,0.004284557675983569
2018-08-06,0.0036674952196777966
2018-08-07,0.0033022016859718395
2018-08-08,-0.00042040194352110927
2018-08-09,-0.0013659229176861132
2018-08-10,-0.006700450126346236
2018-08-13,-0.0037432164727360107
2018-08-14,0.00638073055605215
2018-08-15,-0.007467519253402166
2018-08-16,0.008091292347820911
2018-08-17,0.003520151076284339
2018-08-20,0.0021402029933941247
2018-08-21,0.002345348252025037
2018-08-22,-0.0005937698872171548
2018-08-23,-0.001327532947317911
2018-08-24,0.006018382177914061
2018-08-27,0.007895373900404845
2018-08-28,0.0004829669221924071
2018-08-29,0.005380819055603503
2018-08-30,-0.004048437699928242
2018-08-31,3.450314296538082e-05
2018-09-04,-0.0017225070366908568
2018-09-05,-0.002691077533914177
2018-09-06,-0.0030099951140359904
2018-09-07,-0.001943440218986403
2018-09-10,0.0017387376678950073
2018-09-11,0.003297369081786794
2018-09-12,0.00024162025361973427
2018-09-13,0.00591465995700835
2018-09-14,0.0001719662560595303
2018-09-17,-0.005294310247121126
2018-09-18,0.005426342026610298
2018-09-19,0.0010657093418489083
2018-09-20,0.008103868882509913
2018-09-21,-0.0009137242618418862
2018-09-24,-0.0033219958361707658
2018-09-25,-0.0009280156415539809
2018-09-26,-0.0029920488260044564
2018-09-27,0.0027940565486521685
2018-09-28,0.00010349008608301347
2018-10-01,0.0034736996745199367
2018-10-02,-0.0005823312849083662
2018-10-03,0.0005484713767740512
2018-10-04,-0.007815544927076035
2018-10-05,-0.0055966084552760975
2018-10-08,0.0
2018-10-09,-0.0014598788703727994
2018-10-10,-0.03166329670662782
2018-10-11,-0.022026275767776715
2018-10-12,0.013888474705991083
2018-10-15,-0.005617203638045298
2018-10-16,0.02186637652550294
2018-10-17,0.00017834788688086967
2018-10-18,-0.014441357973756563
2018-10-19,-0.0005425405871208877
2018-10-22,-0.004488783676733665
2018-10-23,-0.0050907493922414115
2018-10-24,-0.030298547031684553
2018-10-25,0.01794054799340139
2018-10-26,-0.017587564219473162
2018-10-29,-0.005540241704114712
2018-10-30,0.014818624809537218
2018-10-31,0.010681103179789764
2018-11-01,0.01064140812393699
2018-11-02,-0.005922944363914606
2018-11-05,0.00551715281420595
2018-11-06,0.0063278565352249405
2018-11-07,0.02140886583367574
2018-11-08,-0.0018149091764297909
2018-11-09,-0.009768271005294982
2018-11-12,-0.01868527042048962
2018-11-13,-0.0018708574606254302
2018-11-14,-0.006836997867706751
2018-11-15,0.010436804566470448
2018-11-16,0.0026004491656592688
2018-11-19,-0.016914309229236202
2018-11-20,-0.018506437809490017
2018-11-21,0.0034077531667282557
2018-11-23,-0.006678781266077349
2018-11-26,0.01614452834842517
2018-11-27,0.0033645024603556895
2018-11-28,0.023024902510753398
2018-11-29,-0.002184857254278194
2018-11-30,0.006095310042576907
2018-12-03,0.013241403371841987
2018-12-04,-0.03240262896346113
2018-12-06,-0.001516888798866689
2018-12-07,-0.023235799638765986
2018-12-10,0.00189671563481153
2018-12-11,0.00022745850750882646
2018-12-12,0.005035030951802355
2018-12-13,-0.00033882439089494287
2018-12-14,-0.01846468607148266
2018-12-17,-0.019618433700167248
2018-12-18,-0.0010965233758847281
2018-12-19,-0.014975809446963306
2018-12-20,-0.01627768416481823
2018-12-21,-0.020489793895268615
2018-12-24,-0.026422863507559846
2018-12-26,0.05052504541413261
2018-12-27,0.007677076279091866
2018-12-28,-0.0012898817420871067
2018-12-31,0.008758898807938786
2019-01-02,0.0010403766312321316
2019-01-03,-0.023862884415884245
2019-01-04,0.03349579567304173
2019-01-07,0.00788457794008579
2019-01-08,0.009395204766013077
2019-01-09,0.004673478444654489
2019-01-10,0.0035277564581104315
2019-01-11,0.0003862603955735455
2019-01-14,-0.006101093476744701
2019-01-15,0.011461023339314202
2019-01-16,0.0024198761225113774
2019-01-17,0.007586687639031364
2019-01-18,0.013309742306003791
2019-01-22,-0.013510255936381776
2019-01-23,0.002092491280964559
2019-01-24,0.0005313105896693759
2019-01-25,0.008461408455875397
2019-01-28,-0.007600077015980866
2019-01-29,-0.0013269948857141944
2019-01-30,0.01583078210485822
2019-01-31,0.008782273732205637
2019-02-01,0.000481689319413503
2019-02-04,0.007035504633573497
2019-02-05,0.004191811272513224
2019-02-06,-0.0013182824567279372
2019-02-07,-0.009532855767401593
2019-02-08,0.0012218232626481917
2019-02-11,0.0005542813921881606
2019-02-12,0.012859493367904484
2019-02-13,0.0032468370062888052
2019-02-14,-0.002217901757773144
2019-02-15,0.010896764929851699
2019-02-19,0.0017307732185745106
2019-02-20,0.002015584262503145
2019-02-21,-0.003555738273990139
2019-02-22,0.006199302108212734
2019-02-25,0.0013617548808488866
2019-02-26,-0.000715537760549001
2019-02-27,-0.0004297633140323276
2019-02-28,-0.0018622399301806425
2019-03-01,0.006243754015140546
2019-03-04,-0.0036375120351535006
2019-03-05,-0.0013601843965628246
2019-03-06,-0.006056926781279448
2019-03-07,-0.008365186375293487
2019-03-08,-0.00199992126294235
2019-03-11,0.014501118334372176
2019-03-12,0.0037711590388858074
2019-03-13,0.006618964284466955
2019-03-14,-0.0006399563413040932
2019-03-15,0.004940560507801894
2019-03-18,0.0036259694178499835
2019-03-19,0.00024798879713450184
2019-03-20,-0.0030097791431042964
2019-03-21,0.011294797382186417
2019-03-22,-0.01924650388906335
2019-03-25,-0.0007521115667943334
2019-03-26,0.007454285394727478
2019-03-27,-0.005229220318283767
2019-03-28,0.0037904122174921007
2019-03-29,0.0063058187388362885
2019-04-01,0.011859155925550313
2019-04-02,0.0004895506163400398
2019-04-03,0.0015737111088103273
2019-04-04,0.002653699402094478
2019-04-05,0.0048398839657115555
2019-04-08,0.0007622562458027282
2019-04-09,-0.005124805746463679
2019-04-10,0.003411078583892335
2019-04-11,-0.0002776232505266041
2019-04-12,0.006765907139855809
2019-04-15,-0.0006547576618836093
2019-04-16,0.0006551866503627934
2019-04-17,-0.0024469826236139802
2019-04-18,0.001969324071000811
2019-04-22,0.0008618168446399288
2019-04-23,0.008991848569675831
2019-04-24,-0.00221907289356571
2019-04-25,-0.0006162303027620331
2019-04-26,0.004656757072851958
2019-04-29,0.0015679037688012265
2019-04-30,0.0005103156081953664
2019-05-01,-0.007516327326740679
2019-05-02,-0.00215921787483786
2019-05-03,0.009787886703545468
2019-05-06,-0.004115131103356928
2019-05-07,-0.01669983188467017
2019-05-08,-0.0013891500060894124
2019-05-09,-0.0030256101391328283
2019-05-10,0.005023400191751515
2019-05-13,-0.02513047892822895
2019-05-14,0.009043645628792563
2019-05-15,0.00585734879223021
2019-05-16,0.009261597469580662
2019-05-17,-0.006465049660765443
2019-05-20,-0.006611883855412004
2019-05-21,0.009015218415654225
2019-05-22,-0.003071300301757063
2019-05-23,-0.012218501437897378
2019-05-24,0.0022683831774903407
2019-05-28,-0.009300531555945013
2019-05-29,-0.006710944576300726
2019-05-30,0.0027313004636297933
2019-05-31,-0.013475402739168363
2019-06-03,-0.0025429401456710243
2019-06-04,0.021706319282787767
2019-06-05,0.008662355341727768
2019-06-06,0.006502995370666342
2019-06-07,0.010006676716238339
2019-06-10,0.004589337443243746
2019-06-11,-0.00024246524674509384
2019-06-12,-0.001765178653359567
2019-06-13,0.004126344855297059
2019-06-14,-0.0011051970550878254
2019-06-17,0.00038021901546914094
2019-06-18,0.01047143091124414
2019-06-19,0.0022570453465431406
2019-06-20,0.009553944285076055
2019-06-21,-0.001453133898495329
2019-06-24,-0.0012248123586782178
2019-06-25,-0.009807546730831063
2019-06-26,-0.0009977321021283903
2019-06-27,0.0035458672498853705
2019-06-28,0.00514585184335048
2019-07-01,0.009078782663075158
2019-07-02,0.002604128282570173
2019-07-03,0.007994856838493547
2019-07-05,-0.001137487186581021
2019-07-08,-0.0054948868787632055
2019-07-09,0.0012462667055925802
2019-07-10,0.0047779702847448036
2019-07-11,0.002344564152989337
2019-07-12,0.004477011496827554
2019-07-15,0.00033271273043200544
2019-07-16,-0.003225593595493015
2019-07-17,-0.006804847237586897
2019-07-18,0.0036607077616033212
2019-07-19,-0.0055548307609606384
2019-07-22,0.0024563206403693805
2019-07-23,0.007150155401467018
2019-07-24,0.004699782719963519
2019-07-25,-0.004777439276978601
2019-07-26,0.0067002968386931094
2019-07-29,-0.0018212356431177579
2019-07-30,-0.0024545027944391506
2019-07-31,-0.010940623158258056
2019-08-01,-0.008707666634996225
2019-08-02,-0.007529861412484573
2019-08-05,-0.03007279171301036
2019-08-06,0.014022558881956027
2019-08-07,0.0005905396938767904
2019-08-08,0.019620422104253743
2019-08-09,-0.006811405659445713
2019-08-12,-0.012173244725682153
2019-08-13,0.015551540858272483
2019-08-14,-0.029567439962067454
2019-08-15,0.00264138899512556
2019-08-16,0.014755048019766903
2019-08-19,0.012047665634947968
2019-08-20,-0.007662174455343784
2019-08-21,0.00813549560343274
2019-08-22,-0.00030799791611380023
2019-08-23,-0.025687510190453455
2019-08-26,0.011058248984656016
2019-08-27,-0.003923372543003567
2019-08-28,0.007041672538622201
2019-08-29,0.012772621963205388
2019-08-30,-0.0004438609301441465
2019-09-03,-0.005847260772906315
2019-09-04,0.01135030225157796
2019-09-05,0.012855247924674407
2019-09-06,0.0007719256776721473
2019-09-09,0.0005037603194104623
2019-09-10,-0.0002348348826365365
2019-09-11,0.0071112426425388175
2019-09-12,0.0034633032209054893
2019-09-13,-0.000663678389352107
2019-09-16,-0.0030886828975235092
2019-09-17,0.0025319184103782533
2019-09-18,0.0005983233800290755
2019-09-19,-6.668802761755632e-05
2019-09-20,-0.004724477129324334
2019-09-23,-0.00023503510983780007
2019-09-24,-0.007846714368787922
2019-09-25,0.0059148314347474695
2019-09-26,-0.0020832331293825224
2019-09-27,-0.0053873121389621526
2019-09-30,0.00463775378053688
2019-10-01,-0.011894645211502741
2019-10-02,-0.017664565896055362
2019-10-03,0.008192583456043456
2019-10-04,0.013532090933647378
2019-10-07,-0.004314438558445377
2019-10-08,-0.015525117066562233
2019-10-09,0.009496709221465727
2019-10-10,0.006763426813611195
2019-10-11,0.010366924611787898
2019-10-14,-0.001113845356819021
2019-10-15,0.009900600501056456
2019-10-16,-0.0016063286759701034
2019-10-17,0.0029493385821681706
2019-10-18,-0.0043772712808859415
2019-10-21,0.006779100714260355
2019-10-22,-0.0032667306909843763
2019-10-23,0.002909619667078367
2019-10-24,0.0016339087472423408
2019-10-25,0.004095327538442106
2019-10-28,0.005636057936931893
2019-10-29,-0.000296274977504285
2019-10-30,0.0030668540732989857
2019-10-31,-0.0026632790269437434
2019-11-01,0.009264139239193225
2019-11-04,0.0040178125712562185
2019-11-05,-0.0011061166328285577
2019-11-06,0.00022779347782497794
2019-11-07,0.0035167388446004644
2019-11-08,0.002466278155854429
2019-11-11,-0.0019101248715107655
2019-11-12,0.0021082425987504205
2019-11-13,0.00032374572289572967
2019-11-14,0.0014557365411569378
2019-11-15,0.007236302632028568
2019-11-18,0.000737481200436596
2019-11-19,-0.0002884227308338483
2019-11-20,-0.003718699324926078
2019-11-21,-0.0016087576199363962
2019-11-22,0.002223927411284521
2019-11-25,0.007749895000522589
2019-11-26,0.0022660295958520926
2019-11-27,0.004457112102005389
2019-11-29,-0.0037087962938479047
2019-12-02,-0.008494519604840378
2019-12-03,-0.006706375553818811
2019-12-04,0.0061705298907375195
2019-12-05,0.0017974990572182659
2019-12-06,0.009134135070813842
2019-12-09,-0.0031439329311263586
2019-12-10,-0.0011151740963236678
2019-12-11,0.002838620608330178
2019-12-12,0.008619001707032448
2019-12-13,0.0005990109427609358
2019-12-16,0.0068700430182131456
2019-12-17,0.00021932057618645473
2019-12-18,6.233603508354335e-05
2019-12-19,0.0040994090244006465
2019-12-20,0.004383806359269604
2019-12-23,0.0015275680743551678
2019-12-24,3.132139378347887e-05
2019-12-26,0.005323436496364353
2019-12-27,-0.0002477970227753312
2019-12-30,-0.0055132562099338145
2019-12-31,0.002429241490286449
2020-01-02,0.009351837762136661
2020-01-03,-0.007572090421904543
2020-01-06,0.0038148292333264333
2020-01-07,-0.0028116975235208397
2020-01-08,0.00532997180065875
2020-01-09,0.006780245579346644
2020-01-10,-0.0028776821916209894
2020-01-13,0.006877271992335343
2020-01-14,-0.0015245152624663305
2020-01-15,0.002259792476315692
2020-01-16,0.00831845209489046
2020-01-17,0.0031127747182728704
2020-01-21,-0.0019584777509364937
2020-01-22,0.00012077208743588308
2020-01-23,0.001146945747111161
2020-01-24,-0.008892985380257179
2020-01-27,-0.016029545273898438
2020-01-28,0.010479272093204095
2020-01-29,-0.0008258283347695183
2020-01-30,0.0032449447879541182
2020-01-31,-0.018157664070852064
2020-02-03,0.007428429533642422
2020-02-04,0.01524120198687906
2020-02-05,0.01154812038049191
2020-02-06,0.003364672366661825
2020-02-07,-0.005329491949936926
2020-02-10,0.007465483048408661
2020-02-11,0.0017330627051612701
2020-02-12,0.006442776446324183
2020-02-13,-0.001067135350728221
2020-02-14,0.0016022159916011525
2020-02-18,-0.002576814375238823
2020-02-19,0.004780985239531521
2020-02-20,-0.004108154578884693
2020-02-21,-0.010298266688872126
2020-02-24,-0.033165666430385654
2020-02-25,-0.03030203789067809
2020-02-26,-0.0036782830912192033
2020-02-27,-0.0449115526290319
2020-02-28,-0.004201410090728053
2020-03-02,0.04330622306929732
2020-03-03,-0.028632472021547395
2020-03-04,0.042032880988234655
2020-03-05,-0.03324142911240435
2020-03-06,-0.016530933459422137
2020-03-09,-0.07809451166420933
2020-03-10,0.05174471694947891
2020-03-11,-0.04874844190592942
2020-03-12,-0.095677245322768
2020-03-13,0.08548621667959688
2020-03-16,-0.10942341783532927
2020-03-17,0.05399181599018954
2020-03-18,-0.050632992861492365
2020-03-19,0.0021250385141180494
2020-03-20,-0.043094111969545046
2020-03-23,-0.025568208050453234
2020-03-24,0.09060327982205774
2020-03-25,0.014970141378483737
2020-03-26,0.0583896268924986
2020-03-27,-0.029785454491685237
2020-03-30,0.032475839553611996
2020-03-31,-0.01490552685825941
2020-04-01,-0.04500481008350776
2020-04-02,0.023075430867281366
2020-04-03,-0.014454284497646186
2020-04-06,0.06716642680192986
2020-04-07,0.0010194476511855566
2020-04-08,0.033568291514985305
2020-04-09,0.015217165172885627
2020-04-13,-0.009129853770457275
2020-04-14,0.02949268674894512
2020-04-15,-0.02124809466468891
2020-04-16,0.004824081640608435
2020-04-17,0.02701590273494392
2020-04-20,-0.01761817291912593
2020-04-21,-0.030363117590574862
2020-04-22,0.022194135682930494
2020-04-23,-7.155668916070113e-05
2020-04-24,0.013938939442148968
2020-04-27,0.014418099332565104
2020-04-28,-0.004598267688754376
2020-04-29,0.026178413922601784
2020-04-30,-0.009310904990197932
2020-05-01,-0.0264731087458695
2020-05-04,0.002758147642611286
2020-05-05,0.009239198826296757
2020-05-06,-0.006778617825430322
2020-05-07,0.01206710699506175
2020-05-08,0.01654596331692204
2020-05-11,0.00020521624012248552
2020-05-12,-0.019931685364448226
2020-05-13,-0.017685886803507467
2020-05-14,0.011967665931780225
2020-05-15,0.004596613326599108
2020-05-18,0.03045994155442
2020-05-19,-0.010271247132546346
2020-05-20,0.016988005600182987
2020-05-21,-0.006903973500730687
2020-05-22,0.001898831102768339
2020-05-26,0.012320686458038299
2020-05-27,0.014878763951014173
2020-05-28,-0.0018446101136314619
2020-05-29,0.004455794854093531
2020-06-01,0.004041944146714549
2020-06-02,0.008279951379053685
2020-06-03,0.013308427445636761
2020-06-04,-0.0026268547628053307
2020-06-05,0.02562983091243254
2020-06-08,0.012087446574978733
2020-06-09,-0.007456819024448502
2020-06-10,-0.005580091383180608
2020-06-11,-0.05764887718118916
2020-06-12,0.011975805264931028
2020-06-15,0.009335574918824197
2020-06-16,0.01924736492361001
2020-06-17,-0.004153550796508587
2020-06-18,0.0003848033906761472
2020-06-19,-0.005714879842046772
2020-06-22,0.006415399172938985
2020-06-23,0.004603491153611028
2020-06-24,-0.025508720960849773
2020-06-25,0.010720676719480737
2020-06-26,-0.023751782182992787
2020-06-29,0.014697995810493358
2020-06-30,0.01280940656183338
2020-07-01,0.007004661851867544
2020-07-02,0.005507066384011994
2020-07-06,0.015437353435352241
2020-07-07,-0.010313857649172364
2020-07-08,0.007648916152163343
2020-07-09,-0.005693400626032963
2020-07-10,0.010210769151477672
2020-07-13,-0.008659072187566008
2020-07-14,0.012959150417882537
2020-07-15,0.009187182361071633
2020-07-16,-0.003293447813628392
2020-07-17,0.0028990243864956966
2020-07-20,0.00808177001091348
2020-07-21,0.0021275987714548528
2020-07-22,0.00569192188394152
2020-07-23,-0.011931568290033834
2020-07-24,-0.006440509346513412
2020-07-27,0.0072923358417840145
2020-07-28,-0.006342391311531914
2020-07-29,0.012298908104277029
2020-07-30,-0.0035682395744638384
2020-07-31,0.00790242442534339
2020-08-03,0.006952381556314391
2020-08-04,0.003862278262364738
2020-08-05,0.006211154147869102
2020-08-06,0.0066842461628227046
2020-08-07,0.0007180143952842943
2020-08-10,0.0029890561722123454
2020-08-11,-0.00825466223581639
2020-08-12,0.013942200769745172
2020-08-13,-0.0018078087285575695
2020-08-14,2.9857838633962075e-05
2020-08-17,0.003176447435039531
2020-08-18,0.0021604979698341964
2020-08-19,-0.004163771653878823
2020-08-20,0.0031135190386422096
2020-08-21,0.0035475683504904154
2020-08-24,0.010133119725268092
2020-08-25,0.0034992785511409608
2020-08-26,0.01002552343869989
2020-08-27,0.002186689476950443
2020-08-28,0.006459232991321784
2020-08-31,-0.0036224105717390653
2020-09-01,0.009418448311064198
2020-09-02,0.014464050157749542
2020-09-03,-0.034414357497467796
2020-09-04,-0.008164702750028896
2020-09-08,-0.02732276244160392
2020-09-09,0.019747252605262222
2020-09-10,-0.01736371427971739
2020-09-11,0.0005092964818185219
2020-09-14,0.0131712153711534
2020-09-15,0.005052454991482991
2020-09-16,-0.003968911497592376
2020-09-17,-0.008795324215058686
2020-09-18,-0.011512322524314333
2020-09-21,-0.011130104098644011
2020-09-22,0.010184733642018662
2020-09-23,-0.023190827453813734
2020-09-24,0.002665452665310708
2020-09-25,0.016166950825524662
2020-09-28,0.016609190600699097
2020-09-29,-0.005446107398189959
2020-09-30,0.00758203405695701
2020-10-01,0.006419833891917692
2020-10-02,-0.00949426593074365
2020-10-05,0.017733138750948507
2020-10-06,-0.014216167917481815
2020-10-07,0.017406849619123976
2020-10-08,0.008862453151625038
2020-10-09,0.0089300975128217
2020-10-12,0.01608777687216789
2020-10-13,-0.006526012792879898
2020-10-14,-0.006283351027053907
2020-10-15,-0.0012361837251835261
2020-10-16,-0.0006042085470923109
2020-10-19,-0.015203608666727098
2020-10-20,0.004005999715347652
2020-10-21,-0.0018930981994403906
2020-10-22,0.005485382993507537
2020-10-23,0.0033951867419201864
2020-10-26,-0.018479886108091703
2020-10-27,-0.0034474061263749523
2020-10-28,-0.03417897682096671
2020-10-29,0.010163330398478276
2020-10-30,-0.01042455641098361
2020-11-02,0.011208541139319905
2020-11-03,0.01765559393036109
2020-11-04,0.022349500752594897
2020-11-05,0.01950274865902113
2020-11-06,-0.00022870772657324068
2020-11-09,0.012565816424690901
2020-11-10,-0.0014663178968337132
2020-11-11,0.007428344766179151
2020-11-12,-0.00970082610798606
2020-11-13,0.013844334920949386
2020-11-16,0.012482548099508328
2020-11-17,-0.005378432315773063
2020-11-18,-0.012034676148587775
2020-11-19,0.004210311606610118
2020-11-20,-0.006848022233976292
2020-11-23,0.00599452791699262
2020-11-24,0.016113753710918832
2020-11-25,-0.00154175995679795
2020-11-27,0.002784814834004168
2020-11-30,-0.0044268395012343476
2020-12-01,0.010937290636822139
2020-12-02,0.002103691736628832
2020-12-03,-0.00027265056871073057
2020-12-04,0.00861766134491515
2020-12-07,-0.0020550001522353645
2020-12-08,0.002926276873649991
2020-12-09,-0.008968814489331178
2020-12-10,-0.0003271271384174268
2020-12-11,-0.0011725445341089769
2020-12-14,-0.004477093079889416
2020-12-15,0.013519151952395392
2020-12-16,0.00156948162466497
2020-12-17,0.005592199978917689
2020-12-18,-0.003993031936780578
2020-12-21,-0.0035755206450205357
2020-12-22,-0.0016853623444861299
2020-12-23,0.0008984246679968333
2020-12-24,0.003890299737268066
2020-12-28,0.008591055881702836
2020-12-29,-0.0019076635155170774
2020-12-30,0.0014266595798768655
2020-12-31,0.005080743620657691
2021-01-04,-0.013613841424623407
2021-01-05,0.006887079734122725
2021-01-06,0.005978743241116247
2021-01-07,0.014857458589762285
2021-01-08,0.005697563780745929
2021-01-11,-0.006740650064660403
2021-01-12,0.0002111441412966375
2021-01-13,0.0026928318830743425
2021-01-14,-0.003501982594366293
2021-01-15,-0.007292389874525851
2021-01-19,0.007851949101191691
2021-01-20,0.013838676240348846
2021-01-21,0.0009115930504615122
2021-01-22,-0.0035393857831249598
2021-01-25,0.003943743844285308
2021-01-26,-0.001560989111490385
2021-01-27,-0.024440478116614317
2021-01-28,0.008600382192776701
2021-01-29,-0.02001961651381423
2021-02-01,0.016645340827486033
2021-02-02,0.014140390229406385
2021-02-03,0.0007861331645677705
2021-02-04,0.011365818955119122
2021-02-05,0.0039358547922709874
2021-02-08,0.0072221533287792905
2021-02-09,-0.0006660947266833306
2021-02-10,-0.00043542183797962153
2021-02-11,0.0016150131799013145
2021-02-12,0.004939760121711156
2021-02-16,-0.0008661238083014222
2021-02-17,0.00022949369552893728
2021-02-18,-0.004255873777854746
2021-02-19,-0.0017660378957744527
2021-02-22,-0.00769174839434883
2021-02-23,0.0012144677641345858
2021-02-24,0.011019492537559517
2021-02-25,-0.02409606576557166
2021-02-26,-0.005152470849982493
2021-03-01,0.02423992549762022
2021-03-02,-0.007802962948832093
2021-03-03,-0.01324587639076602
2021-03-04,-0.012374751173085397
2021-03-05,0.018396665802802747
2021-03-08,-0.004978669762655263
2021-03-09,0.014277390944436474
2021-03-10,0.006224379746771591
2021-03-11,0.010139191424982208
2021-03-12,0.0013470640043011795
2021-03-15,0.00596351152178487
2021-03-16,-0.0012613803810125335
2021-03-17,0.0034099460395820014
2021-03-18,-0.014549668152003759
2021-03-19,-0.0018504525590474774
2021-03-22,0.007984944040242192
2021-03-23,-0.007870711322590873
2021-03-24,-0.0050834859318907855
2021-03-25,0.0056256625454287335
2021-03-26,0.016114939876197498
2021-03-29,-0.0005051741583192992
2021-03-30,-0.002652909659137559
2021-03-31,0.004053285914813021
2021-04-01,0.010798984510331344
2021-04-05,0.014353166731276623
2021-04-06,-0.0005906922004323967
2021-04-07,0.001157442592671476
2021-04-08,0.004746676639146408
2021-04-09,0.007270252004121014
2021-04-12,0.00036469848183884324
2021-04-13,0.0029635649157102595
2021-04-14,-0.003415090265344145
2021-04-15,0.010742396553639733
2021-04-16,0.003342560106512016
2021-04-19,-0.004913160267959182
2021-04-20,-0.007321501859777424
2021-04-21,0.009461943966146524
2021-04-22,-0.009133137137067093
2021-04-23,0.010842631285993498
2021-04-26,0.002087574437617201
2021-04-27,-0.0002155812076359842
2021-04-28,-0.00028745171332578145
2021-04-29,0.006373003838980651
2021-04-30,-0.0065705599837884154
2021-05-03,0.0021567906282768945
2021-05-04,-0.0061694624195896
2021-05-05,0.00031292080734979244
2021-05-06,0.007985541532576024
2021-05-07,0.007277942511890734
2021-05-10,-0.00990237552028339
2021-05-11,-0.008924591539253401
2021-05-12,-0.021245310800599104
2021-05-13,0.012012544836474515
2021-05-14,0.015355143674192329
2021-05-17,-0.002544392529013395
2021-05-18,-0.008615641657238826
2021-05-19,-0.0026217930613262608
2021-05-20,0.010757902166771194
2021-05-21,-0.0008187352281466831
2021-05-24,0.010194226260223482
2021-05-25,-0.0022185551604292364
2021-05-26,0.0019844609853307826
2021-05-27,0.0005250972530816966
2021-05-28,0.0017886399858166868
2021-06-01,-0.0008807728152994132
2021-06-02,0.0015723426248381855
2021-06-03,-0.0037111950816481887
2021-06-04,0.009145860114207593
2021-06-07,-0.0009700771410446896
2021-06-08,0.0002131655507540131
2021-06-09,-0.0014920716622176533
2021-06-10,0.0046483379683666115
2021-06-11,0.0016525163023579648
2021-06-14,0.002238847569695279
2021-06-15,-0.0018339711040108453
2021-06-16,-0.005583357405137601
2021-06-17,-0.00033181623553513173
2021-06-18,-0.013490331710787506
2021-06-21,0.014315896604985223
2021-06-22,0.0053461694544658656
2021-06-23,-0.0012051574247410324
2021-06-24,0.005915661176172815
2021-06-25,0.003552077727029923
2021-06-28,0.0020159268621704474
2021-06-29,0.0005380999458339808
2021-06-30,0.0008416587461450575
2021-07-01,0.00553661348083101
2021-07-02,0.007643726233967918
2021-07-06,-0.0018215280332462003
2021-07-07,0.0035340613243342034
2021-07-08,-0.008148106130880572
2021-07-09,0.010674859239933943
2021-07-12,0.003581824399369049
2021-07-13,-0.003409078111543229
2021-07-14,0.0014924660758557362
2021-07-15,-0.0034154934831329697
2021-07-16,-0.007843749518154919
2021-07-19,-0.0147678749937592
2021-07-20,0.014330464669839449
2021-07-21,0.008096154987487836
2021-07-22,0.002094229444737916
2021-07-23,0.010287962709565335
2021-07-26,0.002454799962400278
2021-07-27,-0.004557453535870559
2021-07-28,-0.0004100614730759844
2021-07-29,0.0041475336221938885
2021-07-30,-0.0048566385843675786
2021-08-02,-0.002098136608625234
2021-08-03,0.008135708667698971
2021-08-04,-0.0049191831184487445
2021-08-05,0.00633304009604907
2021-08-06,0.00165239359559477
2021-08-09,-0.0008136731039396494
2021-08-10,0.0012439897146718781
2021-08-11,0.0024849614077131488
2021-08-12,0.002997052131310518
2021-08-13,0.0018197334714697977
2021-08-16,0.0023545590296272234
2021-08-17,-0.006555137461107918
2021-08-18,-0.010944930172694711
2021-08-19,0.0015482511737237026
2021-08-20,0.007957225156908665
2021-08-23,0.008796398114913506
2021-08-24,0.001587255501145135
2021-08-25,0.0020985047331478768
2021-08-26,-0.00590309829340363
2021-08-27,0.008941043869465926
2021-08-30,0.004397424464309241
2021-08-31,-0.0014816609812733361
2021-09-01,0.0005316249047442323
2021-09-02,0.003076668347494982
2021-09-03,-0.00024302614642635056
2021-09-07,-0.003575304028067272
2021-09-08,-0.0012182091385984917
2021-09-09,-0.004280315682887337
2021-09-10,-0.007884524753876354
2021-09-13,0.0025592763681148156
2021-09-14,-0.005396633842298715
2021-09-15,0.008352822961944284
2021-09-16,-0.001585419605842464
2021-09-17,-0.009740897641094648
2021-09-20,-0.016674377178134137
2021-09-21,-0.0009444466218835323
2021-09-22,0.009754661374334006
2021-09-23,0.012149975667758106
2021-09-24,0.0016472295041929375
2021-09-27,-0.0028607313931747758
2021-09-28,-0.020151996865899635
2021-09-29,0.0016832320436890313
2021-09-30,-0.012222305439942405
2021-10-01,0.011884076154851542
2021-10-04,-0.012896214103826464
2021-10-05,0.01040509815619517
2021-10-06,0.0041562664974466035
2021-10-07,0.008645464691964255
2021-10-08,-0.0018237424286688952
2021-10-11,-0.007239662151557025
2021-10-12,-0.0024615133729082306
2021-10-13,0.00359756923251231
2021-10-14,0.016820577563637196
2021-10-15,0.00761589104444349
2021-10-18,0.0029604457486787084
2021-10-19,0.007714747160576074
2021-10-20,0.003928020295965506
2021-10-21,0.0026081250233231934
2021-10-22,-0.0010362519519127034
2021-10-25,0.005362882390953949
2021-10-26,0.0009000646243848553
2021-10-27,-0.004430223188324978
2021-10-28,0.009648819959829247
2021-10-29,0.002029140314313116
2021-11-01,0.0017201870732437285
2021-11-02,0.004043037413691053
2021-11-03,0.006105304250818344
2021-11-04,0.0047124300710303935
2021-11-05,0.003469730444110475
2021-11-08,0.0008536336580518
2021-11-09,-0.0033052673012311518
2021-11-10,-0.008044935774364714
2021-11-11,0.00032362466306801174
2021-11-12,0.007546827043846793
2021-11-15,0.0003424432778666997
2021-11-16,0.003957847142751492
2021-11-17,-0.002429345909774505
2021-11-18,0.0033962792627755256
2021-11-19,-0.0017880514129207103
2021-11-22,-0.0028151035112136125
2021-11-23,0.0013258141271281776
2021-11-24,0.002669835655802366
2021-11-26,-0.022303077328887033
2021-11-29,0.012266544157596648
2021-11-30,-0.019457535207490273
2021-12-01,-0.011107284751318502
2021-12-02,0.01531634307181129
2021-12-03,-0.008701356351577316
2021-12-06,0.011843374090109604
2021-12-07,0.020684963881927754
2021-12-08,0.002647745728174833
2021-12-09,-0.006751350455720839
2021-12-10,0.009413374822305975
2021-12-13,-0.008858329473214632
2021-12-14,-0.00688010444380871
2021-12-15,0.015624906386688453
2021-12-16,-0.008818437723487671
2021-12-17,-0.01064298609009029
2021-12-20,-0.01063331886561425
2021-12-21,0.017759178528495623
2021-12-22,0.009998563426791174
2021-12-23,0.006222238606931718
2021-12-27,0.014152104120858322
2021-12-28,-0.0008172241876791553
2021-12-29,0.0012790828270550225
2021-12-30,-0.002764347602715156
2021-12-31,-0.002520230548469393
2022-01-03,0.005789855518083309
2022-01-04,-0.0003348641827102261
2022-01-05,-0.019202100200029326
2022-01-06,-0.0009393058174944624
2022-01-07,-0.0039535780248897145
2022-01-10,-0.0012443439460527728
2022-01-11,0.009108088272334447
2022-01-12,0.002703627888987814
2022-01-13,-0.013778627249677156
2022-01-14,0.00040897260693717463
2022-01-18,-0.017709525408474924
2022-01-19,-0.010383604622664744
2022-01-20,-0.011067970580827757
2022-01-21,-0.019630652524050607
2022-01-24,0.004246790505133324
2022-01-25,-0.01220907539735383
2022-01-26,-0.002508777946387042
2022-01-27,-0.0049379147788664035
2022-01-28,0.024835366776059242
2022-01-31,0.0180110634523587
2022-02-01,0.0067568403311548675
2022-02-02,0.009714033136113409
2022-02-03,-0.023504809726586084
2022-02-04,0.004702071527495466
2022-02-07,-0.0032092738163087553
2022-02-08,0.008228026901830443
2022-02-09,0.014636067484114612
2022-02-10,-0.01796570739181924
2022-02-11,-0.019718611348256476
2022-02-14,-0.0032693845980705794
2022-02-15,0.016127023223288628
2022-02-16,0.0011206993648600339
2022-02-17,-0.02136142984692513
2022-02-18,-0.006475189358017941
2022-02-22,-0.010731593199375888
2022-02-23,-0.017738701403381296
2022-02-24,0.015049064750834118
2022-02-25,0.02206385332853067
2022-02-28,-0.0025580997342917744
2022-03-01,-0.015230304838162678
2022-03-02,0.018396056854962595
2022-03-03,-0.004978294477405387
2022-03-04,-0.00812484136360192
2022-03-07,-0.029479108190993197
2022-03-08,-0.007581628067140023
2022-03-09,0.026810790559593345
2022-03-10,-0.004515658384121268
2022-03-11,-0.012714957376519176
2022-03-14,-0.0073083395812991725
2022-03-15,0.021990394861625795
2022-03-16,0.022174200195492988
2022-03-17,0.012511144688142961
2022-03-18,0.010952499446460484
2022-03-21,-0.00029231130374740566
2022-03-22,0.011701427389842145
2022-03-23,-0.012878423519363968
2022-03-24,0.015074407042517501
2022-03-25,0.004883434456106395
2022-03-28,0.007113060637083279
2022-03-29,0.012370788713129688
2022-03-30,-0.006174599621288079
2022-03-31,-0.015391362227139105
2022-04-01,0.0028342156723315526
2022-04-04,0.008566411335578783
2022-04-05,-0.012631209470072569
2022-04-06,-0.009999399215567473
2022-04-07,0.005038887401481507
2022-04-08,-0.002673913911833914
2022-04-11,-0.017092225884171586
2022-04-12,-0.0037052182856859295
2022-04-13,0.011453460211916289
2022-04-14,-0.012451713306851242
2022-04-18,0.0004112930298394435
2022-04-19,0.01614256357704047
2022-04-20,-0.0007415252405363892
2022-04-21,-0.014953495712136111
2022-04-22,-0.027439283281827098
2022-04-25,0.005797757490899613
2022-04-26,-0.02896087993120544
2022-04-27,0.0028117973878221125
2022-04-28,0.025259351417991738
2022-04-29,-0.03695566624315538
2022-05-02,0.006019382261440276
2022-05-03,0.004584157758592777
2022-05-04,0.03045281124289212
2022-05-05,-0.03554275618918601
2022-05-06,-0.005968953074690808
2022-05-09,-0.03201723393825395
2022-05-10,0.0023106248069613144
2022-05-11,-0.015886147681303142
2022-05-12,-0.0010439649176838817
2022-05-13,0.023907881418438137
2022-05-16,-0.004057711267883901
2022-05-17,0.020570632922390253
2022-05-18,-0.04031170789459737
2022-05-19,-0.006124576843958729
2022-05-20,0.0004364780004713076
2022-05-23,0.018709996170446885
2022-05-24,-0.007633806107723573
2022-05-25,0.008835076136404219
2022-05-26,0.01998142613936782
2022-05-27,0.024549002667097142
2022-05-31,-0.0056108773395708855
2022-06-01,-0.008088713124470348
2022-06-02,0.019043622420518824
2022-06-03,-0.016411680071924284
2022-06-06,0.003044843504682815
2022-06-07,0.00959211156581663
2022-06-08,-0.01087195637055649
2022-06-09,-0.023782729638623823
2022-06-10,-0.028995978680881773
2022-06-13,-0.037968031372027644
2022-06-14,-0.0030133350208054743
2022-06-15,0.014256120407774908
2022-06-16,-0.03309592370937109
2022-06-17,0.002155745435920897
2022-06-21,0.02517358626251065
2022-06-22,-0.0018126752935243573
2022-06-23,0.009802452497916336
2022-06-24,0.031793682816188884
2022-06-27,-0.003819570068151923
2022-06-28,-0.020433097124383903
2022-06-29,-0.0008143282173870281
2022-06-30,-0.008124230016097522
2022-07-01,0.01057655433122684
2022-07-05,0.0018885318153833985
2022-07-06,0.0033772170928647594
2022-07-07,0.014977448805756577
2022-07-08,-0.0008226429559657911
2022-07-11,-0.011423547994387051
2022-07-12,-0.008848883892511705
2022-07-13,-0.005251727071840628
2022-07-14,-0.002428508070218993
2022-07-15,0.01910503948529163
2022-07-18,-0.008257063584405477
2022-07-19,0.027019530439177597
2022-07-20,0.006372842848086924
2022-07-21,0.010183436114012734
2022-07-22,-0.00927827209976928
2022-07-25,0.0012149127570930673
2022-07-26,-0.011831045897164327
2022-07-27,0.025966516282341257
2022-07-28,0.01254251964717401
2022-07-29,0.014578681483495615
2022-08-01,-0.0029612454203540306
2022-08-02,-0.00659753336388702
2022-08-03,0.015659551240178704
2022-08-04,-0.0006756517304233878
2022-08-05,-0.0016901171741592336
2022-08-08,-0.0011609833901533584
2022-08-09,-0.003970827100245544
2022-08-10,0.021003925103312726
2022-08-11,0.0
2022-08-12,0.01692894535215772
2022-08-15,0.004120813603701201
2022-08-16,0.0019587736553616786
2022-08-17,-0.007098181617147481
2022-08-18,0.0029065688320897287
2022-08-19,-0.013438116675751788
2022-08-22,-0.02082248403493836
2022-08-23,-0.0024191986641957097
2022-08-24,0.0032010274509068903
2022-08-25,0.014117646150746843
2022-08-26,-0.03384898450991447
2022-08-29,-0.006612121958369133
2022-08-30,-0.010977984395403206
2022-08-31,-0.007608983178610473
2022-09-01,0.0031377085112909153
2022-09-02,-0.01054433927204168
2022-09-06,-0.0037729751466689665
2022-09-07,0.017964849342476663
2022-09-08,0.006536213704680938
2022-09-09,0.015535266625489763
2022-09-12,0.010747743401081644
2022-09-13,-0.043482625223446814
2022-09-14,0.0038159741975813954
2022-09-15,-0.011353426143741796
2022-09-16,-0.007628943808983268
2022-09-19,0.007754974221152011
2022-09-20,-0.011478537618512141
2022-09-21,-0.01744377428047339
2022-09-22,-0.008399605019877465
2022-09-23,-0.01675507826012923
2022-09-26,-0.009892598570141464
2022-09-27,-0.002552850071578794
2022-09-28,0.019676460704834753
2022-09-29,-0.020889084559924664
2022-09-30,-0.015463406074220254
2022-10-03,0.026401066843583676
2022-10-04,0.030986646293577502
2022-10-05,-0.002328250706682189
2022-10-06,-0.010315720289483465
2022-10-07,-0.02789392863466411
2022-10-10,-0.007635330112546357
2022-10-11,-0.006332796782390182
2022-10-12,-0.0032986672530963546
2022-10-13,0.026391149184759488
2022-10-14,-0.022788717755242938
2022-10-17,0.02569706339853206
2022-10-18,0.011749600647251723
2022-10-19,-0.007086576999435934
2022-10-20,-0.008385302817799034
2022-10-21,0.024301380560897146
2022-10-24,0.012236489493903102
2022-10-25,0.015968720414151427
2022-10-26,-0.007534074051493422
2022-10-27,-0.005340057523422925
2022-10-28,0.023790674468014528
2022-10-31,-0.007223342263876331
2022-11-01,-0.004375929989072325
2022-11-02,-0.025096018849242507
2022-11-03,-0.01029698629839515
2022-11-04,0.01439304230008931
2022-11-07,0.009565929928538885
2022-11-08,0.005395261827750408
2022-11-09,-0.020602248647122345
2022-11-10,0.05495426894698774
2022-11-11,0.009678472707696395
2022-11-14,-0.008506868916226984
2022-11-15,0.008529154442811437
2022-11-16,-0.0076287090796473
2022-11-17,-0.00305985608254955
2022-11-18,0.0045404731006490895
2022-11-21,-0.0036361464026479773
2022-11-22,0.013456945269797238
2022-11-23,0.006301617413545735
2022-11-25,-0.0002233887817425506
2022-11-28,-0.015957332456545292
2022-11-29,-0.0017173822667068128
2022-11-30,0.031500458364906114
2022-12-01,-0.0007356978833865657
2022-12-02,-0.0011537697774608446
2022-12-05,-0.01798923076550374
2022-12-06,-0.014414926159901031
2022-12-07,-0.0017011799740862532
2022-12-08,0.007833958704172028
2022-12-09,-0.0074703536440344775
2022-12-12,0.014417387445749608
2022-12-13,0.0075697765293885055
2022-12-14,-0.006393287194795594
2022-12-15,-0.02446175181117216
2022-12-16,-0.011806308667954624
2022-12-19,-0.008479628879448975
2022-12-20,0.0013684536165941008
2022-12-21,0.014952647868885949
2022-12-22,-0.014266359857236455
2022-12-23,0.005752252084096021
2022-12-27,-0.0039433494232328226
2022-12-28,-0.01242796051263817
2022-12-29,0.01800027312358843
2022-12-30,-0.002633988816010957
2023-01-03,-0.004210017497595531
2023-01-04,0.007720187425669822
2023-01-05,-0.01141345248751291
2023-01-06,0.022932336378980178
2023-01-09,-0.0005668770555410374
2023-01-10,0.007012778045644152
2023-01-11,0.012647728166962802
2023-01-12,0.0036407595079548383
2023-01-13,0.0038795322776177255
2023-01-17,-0.0018318674236987853
2023-01-18,-0.01578789008072956
2023-01-19,-0.007279904513966096
2023-01-20,0.018629164971540213
2023-01-23,0.011998492632393054
2023-01-24,-0.0010732713942596117
2023-01-25,0.0003746723396662599
2023-01-26,0.010990304704761034
2023-01-27,0.0022977625262703416
2023-01-30,-0.012546808063065296
2023-01-31,0.01470340723452801
2023-02-01,0.010627777579201858
2023-02-02,0.014557033373378214
2023-02-03,-0.01062905075394327
2023-02-06,-0.006111590120372545
2023-02-07,0.013078815902004992
2023-02-08,-0.010934839251123485
2023-02-09,-0.00866919290412993
2023-02-10,0.0023336186726194974
2023-02-13,0.011739060448500815
2023-02-14,-0.00046012705057874026
2023-02-15,0.003247302921306927
2023-02-16,-0.013768829643363345
2023-02-17,-0.0024982348458599812
2023-02-21,-0.020060727102356846
2023-02-22,-0.0013781746657137717
2023-02-23,0.005319283703999922
2023-02-24,-0.010682375411788847
2023-02-27,0.0034058262955918295
2023-02-28,-0.0036959767812435596
2023-03-01,-0.003835820277932611
2023-03-02,0.007777280161147537
2023-03-03,0.0160377423047402
2023-03-06,0.0006927662934974599
2023-03-07,-0.015328836574087124
2023-03-08,0.0016322430836510637
2023-03-09,-0.01844975115866876
2023-03-10,-0.01442955890230102
2023-03-13,-0.0014253257509535544
2023-03-14,0.016530173344957877
2023-03-15,-0.006254553364625326
2023-03-16,0.017545530144955412
2023-03-17,-0.011692896431366284
2023-03-20,0.009615594532579541
2023-03-21,0.013130569293797523
2023-03-22,-0.01704643232710079
2023-03-23,0.002703151532259085
2023-03-24,0.00656221131924517
2023-03-27,0.0018699336375946896
2023-03-28,-0.002244774506932945
2023-03-29,0.014534864951921467
2023-03-30,0.005855308319204777
2023-03-31,0.014094585563272588
2023-04-03,0.0038105222050670573
2023-04-04,-0.005548024639880578
2023-04-05,-0.0026182294728595013
2023-04-06,0.0039007514406461663
2023-04-10,0.0010264024083119772
2023-04-11,0.0002685202157306499
2023-04-12,-0.004075901554343897
2023-04-13,0.013282597540694718
2023-04-14,-0.002442625601352
2023-04-17,0.0035883539657060037
2023-04-18,0.0006520135403078609
2023-04-19,-0.00016885427350910032
2023-04-20,-0.005457015637038709
2023-04-21,0.0007768514052535203
2023-04-24,0.0010432343646618047
2023-04-25,-0.015873849221014646
2023-04-26,-0.004235749878065076
2023-04-27,0.01990818218824919
2023-04-28,0.008535148545625315
2023-05-01,-0.0010097698780012765
2023-05-02,-0.011239210689381274
2023-05-03,-0.006863990762560057
2023-05-04,-0.007082846669550391
2023-05-05,0.018512502138524622
2023-05-08,0.0002664020681237833
2023-05-09,-0.0043852954052152615
2023-05-10,0.004672422074053939
2023-05-11,-0.0017439808867087958
2023-05-12,-0.0013102898804993046
2023-05-15,0.0034499898946578345
2023-05-16,-0.0066825561729830785
2023-05-17,0.012138962558670308
2023-05-18,0.00963317257921048
2023-05-19,-0.001455081823436788
2023-05-22,0.0004062388892571711
2023-05-23,-0.01122279001625881
2023-05-24,-0.007244864273973417
2023-05-25,0.008659895447042487
2023-05-26,0.012950488089205736
2023-05-30,0.00038101069712870306
2023-05-31,-0.005545027655344148
2023-06-01,0.009500850651240178
2023-06-02,0.014461251169925582
2023-06-05,-0.0019163077903493475
2023-06-06,0.002177363540637689
2023-06-07,-0.0034576770501345555
2023-06-08,0.00604867967347178
2023-06-09,0.0017941412499717924
2023-06-12,0.00907192795798184
2023-06-13,0.006592868678941599
2023-06-14,0.0011908260035669027
2023-06-15,0.01239770193654488
2023-06-16,-0.0034061933884838025
2023-06-20,-0.005188126416651229
2023-06-21,-0.005123846593753312
2023-06-22,0.0036097372325969435
2023-06-23,-0.007559991780740072
2023-06-26,-0.0040857470961781495
2023-06-27,0.010963374154288497
2023-06-28,0.0005044162895848636
2023-06-29,0.003941289714454843
2023-06-30,0.011800684726839705
2023-07-03,0.0011506280969419969
2023-07-05,-0.0014874075458447544
2023-07-06,-0.007830465265674547
2023-07-07,-0.0025247846272893337
2023-07-10,0.0025311752997752013
2023-07-11,0.006368519659313732
2023-07-12,0.00804610473824674
2023-07-13,0.007936660551952857
2023-07-14,-0.0006228694778511734
2023-07-17,0.0034722858361981856
2023-07-18,0.007430634657535906
2023-07-19,0.00222370493812174
2023-07-20,-0.006634503642806822
2023-07-21,0.0
2023-07-24,0.004467388046417664
2023-07-25,0.0027299754248260033
2023-07-26,0.00015368971550233645
2023-07-27,-0.0066299886564348265
2023-07-28,0.009790290679456914
2023-07-31,0.0019041726849611251
2023-08-01,-0.0028616049789648157
2023-08-02,-0.013910815979110591
2023-08-03,-0.0028658426743732868
2023-08-04,-0.004522749960767625
2023-08-07,0.008728560663594953
2023-08-08,-0.004348751950431384
2023-08-09,-0.006685267229714853
2023-08-10,0.0003588166198276177
2023-08-11,-0.0005830175820489281
2023-08-14,0.005520008922023978
2023-08-15,-0.01164874577100139
2023-08-16,-0.007338227755112614
2023-08-17,-0.0076198614474499715
2023-08-18,0.00048130676948177076
2023-08-21,0.006506247320312353
2023-08-22,-0.00270868548485248
2023-08-23,0.011137860357461449
2023-08-24,-0.013859010753859424
2023-08-25,0.007049830393321299
2023-08-28,0.006341324886040667
2023-08-29,0.014454626312740304
2023-08-30,0.0041188804859477735
2023-08-31,-0.0014633874842894246
2023-09-01,0.0018652607566591595
2023-09-05,-0.00432184381215206
2023-09-06,-0.006722522176637491
2023-09-07,-0.0030702091286461952
2023-09-08,0.0015060389868117863
2023-09-11,0.006576553039157718
2023-09-12,-0.005485473244227879
2023-09-13,0.0011658962354463842
2023-09-14,0.008622411670517804
2023-09-15,-0.012048307075186337
2023-09-18,0.0005864148060383823
2023-09-19,-0.0020738661323221885
2023-09-20,-0.009193248657632491
2023-09-21,-0.016528369395920173
2023-09-22,-0.0022486041019880165
2023-09-25,0.004205350697430887
2023-09-26,-0.014691420913334086
2023-09-27,0.00039930442228186536
2023-09-28,0.005797449469060689
2023-09-29,-0.0024270188470385534
2023-10-02,-0.00039766337977986677
2023-10-03,-0.013386146651100606
2023-10-04,0.00728200381045796
2023-10-05,-0.0003767871680341317
2023-10-06,0.011872790122640975
2023-10-09,0.006402214019450847
2023-10-10,0.005204872277817962
2023-10-11,0.004096243310383052
2023-10-12,-0.006096446213913698
2023-10-13,-0.004980880611548999
2023-10-16,0.010521525050871894
2023-10-17,-4.594996637397042e-05
2023-10-18,-0.013325097380709972
2023-10-19,-0.008786442290248497
2023-10-20,-0.01228802932834816
2023-10-23,-0.0017331846967774123
2023-10-24,0.007539465313649574
2023-10-25,-0.01435220640112056
2023-10-26,-0.011974589685562087
2023-10-27,-0.004532904573912755
2023-10-30,0.01195574369212693
2023-10-31,0.00628031693035469
2023-11-01,0.010664799767755584
2023-11-02,0.01916434297755054
2023-11-03,0.009123345438392771
2023-11-06,0.0023005287190145385
2023-11-07,0.0028460132103069746
2023-11-08,0.0007324122889353912
2023-11-09,-0.007798756512030436
2023-11-10,0.015604797199694875
2023-11-13,-0.0009530936393540301
2023-11-14,0.019400666564538538
2023-11-15,0.00211706220276886
2023-11-16,0.0012231368848836244
2023-11-17,0.001243754457128654
2023-11-20,0.007697573424009674
2023-11-21,-0.0021792971184443344
2023-11-22,0.0038608118583054463
2023-11-24,0.0006153651391245241
2023-11-27,-0.0018010914088613106
2023-11-28,0.0009902729243429498
2023-11-29,-0.0007035020127879044
2023-11-30,0.003937440307772766
2023-12-01,0.0059159559187682564
2023-12-04,-0.0052494458493973495
2023-12-05,-0.00019708243955018911
2023-12-06,-0.004029707652330683
2023-12-07,0.0076302361065101465
2023-12-08,0.004299311730263655
2023-12-11,0.003889476155759519
2023-12-12,0.004567429178826243
2023-12-13,0.013790077237006315
2023-12-14,0.0032093433658055837
2023-12-15,-0.0016465298115746485
2023-12-18,0.00562510583903264
2023-12-19,0.006080857448069299
2023-12-20,-0.013857392079981823
2023-12-21,0.009482008315210066
2023-12-22,0.0020095746675126147
2023-12-26,0.004222597125329353
2023-12-27,0.0018081245710841465
2023-12-28,0.00037768403001159356
2023-12-29,-0.0028949422267410263
2024-01-02,-0.00559638402430207
2024-01-03,-0.008166666303841552
2024-01-04,-0.0032210798522382955
2024-01-05,0.0013696243528631413
2024-01-08,0.014275959866242083
2024-01-09,-0.001517078830942653
2024-01-10,0.005655447799110869
2024-01-11,-0.00044071600910722264
2024-01-12,0.0006927842760486858
2024-01-16,-0.003671163921508236
2024-01-17,-0.005558713393210124
2024-01-18,0.008892756398643842
2024-01-19,0.012466191374634672
2024-01-22,0.0021143991063876655
2024-01-23,0.002916441688321836
2024-01-24,0.0010931540352361324
2024-01-25,0.005438924831129732
2024-01-26,-0.001270437772347921
2024-01-29,0.00791942273000612
2024-01-30,-0.0007736101515117833
2024-01-31,-0.016317207608400275
2024-02-01,0.013088146547465707
2024-02-02,0.010527349661804797
2024-02-05,-0.00364117342789827
2024-02-06,0.002903263767808806
2024-02-07,0.008340449028562347
2024-02-08,0.0004417513836734166
2024-02-09,0.005779338467658768
2024-02-12,-0.00043889466478275185
2024-02-13,-0.013773091219329126
2024-02-14,0.009087651051970624
2024-02-15,0.006899696769061769
2024-02-16,-0.00497992292140903
2024-02-20,-0.005505462423201157
2024-02-21,0.0009059085346840856
2024-02-22,0.02069550663295816
2024-02-23,0.0006896434779755101
2024-02-26,-0.003662506874030691
2024-02-27,0.001857703956292589
2024-02-28,-0.0013216064416304851
2024-02-29,0.0035949297017872084
2024-03-01,0.009388266811298784
2024-03-04,-0.001072402847500431
2024-03-05,-0.009994174847452686
2024-03-06,0.005067298190573943
2024-03-07,0.009926423453674005
2024-03-08,-0.006002190543355046
2024-03-11,-0.0008598654510424408
2024-03-12,0.010757385247422313
2024-03-13,-0.0015675610611822766
2024-03-14,-0.001976713563683785
2024-03-15,-0.006866716361509262
2024-03-18,0.0059432183379937165
2024-03-19,0.005557125633282922
2024-03-20,0.009249225509361025
2024-03-21,0.003304750528869471
2024-03-22,-0.0018958310763915742
2024-03-25,-0.002762615121387757
2024-03-26,-0.0018471046797106094
2024-03-27,0.008403771167372787
2024-03-28,-0.0001911922518300635
2024-04-01,-0.0017395998385548728
2024-04-02,-0.006358157704027034
2024-04-03,0.0010985551396858195
2024-04-04,-0.012206152123766856
2024-04-05,0.010446742315385782
2024-04-08,0.0005594550328797965
2024-04-09,0.0011566951273311865
2024-04-10,-0.010013069086597493
2024-04-11,0.007547004175858296
2024-04-12,-0.013803142304895766
2024-04-15,-0.01252811628054562
2024-04-16,-0.0018238983053457947
2024-04-17,-0.005918191288244112
2024-04-18,-0.0020576888110811486
2024-04-19,-0.008728300434688196
2024-04-22,0.009209106709367365
2024-04-23,0.01186653839074836
2024-04-24,-0.00047456354753216967
2024-04-25,-0.003798925931645547
2024-04-26,0.009473957082221318
2024-04-29,0.003541438184235579
2024-04-30,-0.01584129200618889
2024-05-01,-0.0032470954227094007
2024-05-02,0.009353440759502174
2024-05-03,0.012395281676089054
2024-05-06,0.01032675000614014
2024-05-07,0.0011036234483248197
2024-05-08,9.641025665674263e-05
2024-05-09,0.0057621211288914065
2024-05-10,0.0012880412111040407
2024-05-13,0.00013433778929772267
2024-05-14,0.00458817393112132
2024-05-15,0.012382947608641448
2024-05-16,-0.0020576298286975048
2024-05-17,0.001437725339077156
2024-05-20,0.001151981070453445
2024-05-21,0.002452722377582095
2024-05-22,-0.0028793696109803424
2024-05-23,-0.007304335949939178
2024-05-24,0.006616399304390397
2024-05-28,0.0006987636076023485
2024-05-29,-0.007002469485786977
2024-05-30,-0.006633663974710768
2024-05-31,0.009108195282162113
2024-06-03,0.000815378772143438
2024-06-04,0.0011176558649370616
2024-06-05,0.011885410808534003
2024-06-06,-1.8835892980018087e-05
2024-06-07,-0.0012156356204607865
2024-06-10,0.0030896448701185353
2024-06-11,0.0024083957753728846
2024-06-12,0.008213121822204128
2024-06-13,0.002013386210606871
2024-06-14,0.0006084292143206937
2024-06-17,0.007958944718835292
2024-06-18,0.0025406375308261175
2024-06-20,-0.0027164519263834785
2024-06-21,-0.0013408434812424153
2024-06-24,-0.003250431511227614
2024-06-25,0.003850738801351117
2024-06-26,0.0012481367231760299
2024-06-27,0.0015764578657047057
2024-06-28,-0.003935054810178085
2024-07-01,0.002057965067198797
2024-07-02,0.006729703736227055
2024-07-03,0.0044626485974057495
2024-07-05,0.005766521610297559
2024-07-08,0.00115399865729926
2024-07-09,0.0009724419720864574
2024-07-10,0.00989513537859854
2024-07-11,-0.008622589203233777
2024-07-12,0.006307689412468953
2024-07-15,0.00275004166226811
2024-07-16,0.005930054119454686
2024-07-17,-0.014021106586848409
2024-07-18,-0.007684807726264231
2024-07-19,-0.006640680711819669
2024-07-22,0.010310134796360781
2024-07-23,-0.0015686901029854372
2024-07-24,-0.022662628952238584
2024-07-25,-0.00521020277852291
2024-07-26,0.011199601505495371
2024-07-29,0.0005878662583205241
2024-07-30,-0.0050664433215256155
2024-07-31,0.016254361533467154
2024-08-01,-0.014160728862632643
2024-08-02,-0.018618531505878888
2024-08-05,-0.02912364184073013
2024-08-06,0.009219546583760119
2024-08-07,-0.00668389209360265
2024-08-08,0.023117312371919496
2024-08-09,0.004409658977186037
2024-08-12,0.0005253896067960451
2024-08-13,0.016445622725722586
2024-08-14,0.0031545799026486687
2024-08-15,0.01714041315227699
2024-08-16,0.0022419462199565476
2024-08-19,0.00956145529530561
2024-08-20,-0.0016260980037141604
2024-08-21,0.0034363944820707815
2024-08-22,-0.007848465351235068
2024-08-23,0.010625423276199752
2024-08-26,-0.0023839528862299453
2024-08-27,0.0013731701102182026
2024-08-28,-0.0058052661970943165
2024-08-29,8.957032880196891e-05
2024-08-30,0.009545987913860854
2024-09-03,-0.02057901164414755
2024-09-04,-0.0020467367596840313
2024-09-05,-0.0024323284410456836
2024-09-06,-0.01683003092753399
2024-09-09,0.011196226679067056
2024-09-10,0.004355620101741842
2024-09-11,0.010259015989909859
2024-09-12,0.008423320002333812
2024-09-13,0.00522276149551737
2024-09-16,0.0014769196979078636
2024-09-17,0.0004084577395420119
2024-09-18,-0.0029657771829617596
2024-09-19,0.017064457265068667
2024-09-20,-0.0017288332155636077
2024-09-23,0.002499027817624677
2024-09-24,0.002861290368756819
2024-09-25,-0.002205509686735607
2024-09-26,0.003964625608232408
2024-09-27,-0.0014502474973920876
2024-09-30,0.0040072424185457756
2024-10-01,-0.008958425077819077
2024-10-02,0.00042197356733231217
2024-10-03,-0.0018281428440489744
2024-10-04,0.009087389997930684
2024-10-07,-0.009040485850911884
2024-10-08,0.009457524860479127
2024-10-09,0.0069264785941913765
2024-10-10,-0.0017500005084409853
2024-10-11,0.0059882473969898875
2024-10-14,0.008178298787650196
2024-10-15,-0.0077697251796715605
2024-10-16,0.004346502515658823
2024-10-17,8.57220849690421e-05
2024-10-18,0.0038465549199675486
2024-10-21,-0.0016421010227650745
2024-10-22,-0.0005311549136910454
2024-10-23,-0.009137478924671094
2024-10-24,0.0021627737629623667
2024-10-25,-0.0003452330114855906
2024-10-28,0.0030914199759544125
2024-10-29,0.0016182701261377996
2024-10-30,-0.0030251995544336996
2024-10-31,-0.01960316084978808
2024-11-01,0.004220456262957972
2024-11-04,-0.0021539366952487704
2024-11-05,0.01209176864206385
2024-11-06,0.02486566914760968
2024-11-07,0.007732078640910078
2024-11-08,0.004331591513972333
2024-11-11,0.0009530082653947947
2024-11-12,-0.003106296267636477
2024-11-13,0.00048581355088628264
2024-11-14,-0.006430128076019059
2024-11-15,-0.01280865428284006
2024-11-18,0.0040972804853161016
2024-11-19,0.0036554787435623126
2024-11-20,0.00033886931512183693
2024-11-21,0.00536818159753194
2024-11-22,0.0030995261531494567
2024-11-25,0.0033920346834457327
2024-11-26,0.0052214872512752475
2024-11-27,-0.0030300804990802677
2024-11-29,0.006212175872964076
2024-12-02,0.0017924663713910771
2024-12-03,0.00046371522992894043
2024-12-04,0.00620943093702353
2024-12-05,-0.0016454332745545752
2024-12-06,0.0018954942551676623
2024-12-09,-0.005149641051743981
2024-12-10,-0.003109190588795885
2024-12-11,0.007730656321274232
2024-12-12,-0.005152506671868173
2024-12-13,-0.00019851952682836682
2024-12-16,0.0042699375111894255
2024-12-17,-0.004120040728009644
2024-12-18,-0.02980351705443751
2024-12-19,-0.0003070524920670836
2024-12-20,0.012010978864421151
2024-12-23,0.005988269054350237
2024-12-24,0.011114979789863533
2024-12-26,6.676138865335801e-05
2024-12-27,-0.010526605708987335
2024-12-30,-0.011411568647030523
2024-12-31,-0.0036380730197900224
2025-01-02,-0.002457104671566457
2025-01-03,0.012503451621171946
2025-01-06,0.005760606765051746
2025-01-07,-0.011304133169673491
2025-01-08,0.0014609310001671982
2025-01-10,-0.015267315897157685
2025-01-13,0.0015504657071625516
2025-01-14,0.0013759758409437328
2025-01-15,0.018189997912380518
2025-01-16,-0.0019231915756813267
2025-01-17,0.01003993035862405
2025-01-21,0.009153481467499613
2025-01-22,0.005621495307541968
2025-01-23,0.0054581873165091555
2025-01-24,-0.0029193098751858493
2025-01-27,-0.014145385412078881
2025-01-28,0.00859238817850927
2025-01-29,-0.00448300053043138
2025-01-30,0.005367179270601374
2025-01-31,-0.005321939266718645
2025-02-03,-0.006729604808231482
2025-02-04,0.006708352594225975
2025-02-05,0.00405446247678265
2025-02-06,0.003475602610676143
2025-02-07,-0.009153648512164048
2025-02-10,0.006791380101247135
2025-02-11,0.0007606031199995922
2025-02-12,-0.003221562252225141
2025-02-13,0.010557592093459522
2025-02-14,-4.9277782596668374e-05
2025-02-18,0.0029359089649085846
2025-02-19,0.002354900928629222
2025-02-20,-0.004160415211788671
2025-02-21,-0.017104080969988833
2025-02-24,-0.004550373171856137
2025-02-25,-0.004973248133421038
2025-02-26,0.0005048978092221379
2025-02-27,-0.015962066751854298
2025-02-28,0.015605655787356953
2025-03-03,-0.017519950294720976
2025-03-04,-0.01183684954808395
2025-03-05,0.010747901256652481
2025-03-06,-0.01775123372774534
2025-03-07,0.005604844236718254
2025-03-10,-0.026635492537345318
2025-03-11,-0.008312900806654588
2025-03-12,0.005306522471787645
2025-03-13,-0.013330410191043529
2025-03-14,0.02065567290718273
2025-03-17,0.007711315917698913
2025-03-18,-0.010808371431663799
2025-03-19,0.010890801160239771
2025-03-20,-0.0028917140169094635
2025-03-21,0.0003299032828099069
2025-03-24,0.01790849345962031
2025-03-25,0.002403851551660896
2025-03-26,-0.011938272063231614
2025-03-27,-0.0026557223426582066
2025-03-28,-0.020138252254996436
2025-03-31,0.006712768433682514
2025-04-01,0.002824389123523119
2025-04-02,0.006328387411288716
2025-04-03,-0.04928070817761465
2025-04-04,-0.05854301689268204
2025-04-07,-0.0017811920142971616
2025-04-08,-0.015662758816759825
2025-04-09,0.10501934425982218
2025-04-10,-0.04381896224348292
2025-04-11,0.017842787256365567
2025-04-14,0.009701347627829371
2025-04-15,-0.0028008927240665837
2025-04-16,-0.022227898329724827
2025-04-17,0.0014266717908673066
2025-04-21,-0.023802682617838022
2025-04-22,0.026017800640849797
2025-04-23,0.015495409403611937
2025-04-24,0.021048964021112893
2025-04-25,0.00722522891344668
2025-04-28,0.00038137286203787646
2025-04-29,0.006299335442844001
2025-04-30,0.00039700236086281926
2025-05-01,0.007086862410970118
2025-05-02,0.014844172407353584
2025-05-05,-0.005734321055260616
2025-05-06,-0.008358384485032677
2025-05-07,0.0042054650283336326
2025-05-08,0.006967831538101654
2025-05-09,-0.0012740716213365255
2025-05-12,0.03304738200401469
2025-05-13,0.006603824443858652
2025-05-14,0.001278041226610016
2025-05-15,0.004884373015077159
2025-05-16,0.006334083036816818
2025-05-19,0.0010938196195577898
2025-05-20,-0.0033621834492569835
2025-05-21,-0.016850751844510237
2025-05-22,0.00039462434647918876
2025-05-23,-0.006825771490515775
2025-05-27,0.020790615576653737
2025-05-28,-0.005785472819492488
2025-05-29,0.003947489357079892
2025-05-30,-0.0011185744002305542
2025-06-02,0.005632983987994278
2025-06-03,0.005702616355661272
2025-06-04,-0.00026846867813934416
2025-06-05,-0.004832806844400794
2025-06-06,0.010269010608102258
2025-06-09,0.0009013027856885625
2025-06-10,0.005669706144252773
2025-06-11,-0.002852053249320252
2025-06-12,0.003974284235328973
2025-06-13,-0.011180107804297013
2025-06-16,0.009514208796833623
2025-06-17,-0.008545135131611592
2025-06-18,-0.00015060476132944256
2025-06-20,-0.002348596298099359
2025-06-23,0.009877480029380825
2025-06-24,0.011047279574515567
2025-06-25,0.0005603188542100401
2025-06-26,0.007823840449262098
2025-06-27,0.004968310006379761
2025-06-30,0.004781209119572027
2025-07-01,-0.0003236298209773336
2025-07-02,0.004533275199175568
2025-07-03,0.007881351217300603
2025-07-07,-0.007451911689688506
2025-07-08,-0.0005477706277796646
2025-07-09,0.005996615280215112
2025-07-10,0.0028203284907413195
2025-07-11,-0.003515471310904239
2025-07-14,0.0019082079637526839
2025-07-15,-0.004273266498076467
2025-07-16,0.00334324975208955
2025-07-17,0.006119653171936301
2025-07-18,-0.0007323592062571382
2025-07-21,0.0018961671248525214
2025-07-22,0.00014308956258002326
2025-07-23,0.008507549960310445
2025-07-24,0.000331011779483692
2025-07-25,0.0042243578976959295
2025-07-28,-0.000251119494356411
2025-07-29,-0.002637609180098366
2025-07-30,-0.0012593305691198653
2025-07-31,-0.0037512107798256533
2025-08-01,-0.016390431365516545
2025-08-04,0.015199795788522152
2025-08-05,-0.005069964619629497
2025-08-06,0.0076596842911853535
2025-08-07,-0.0008376210633260772
2025-08-08,0.007797567971946862
2025-08-11,-0.001977485842922677
2025-08-12,0.010646088630271056
2025-08-13,0.0034230982805847354
2025-08-14,9.300854748550691e-05
2025-08-15,-0.0023412249756729064
2025-08-18,-0.00021763582620526467
2025-08-19,-0.005425144902516887
2025-08-20,-0.0026570585531485724
2025-08-21,-0.004011840141401879
2025-08-22,0.015356803532182273
2025-08-25,-0.004401088516101992
2025-08-26,0.004187051216404392
2025-08-27,0.002278514804511911
2025-08-28,0.0035413784731703757
2025-08-29,-0.005963682184690233
2025-09-02,-0.00741027850099818
2025-09-03,0.0054195601815894
2025-09-04,0.008357390788786612
2025-09-05,-0.0028962514584031096
2025-09-08,0.002456628855379561
2025-09-09,0.002311848648811843
2025-09-10,0.00289086266421279
2025-09-11,0.00831022877152554
2025-09-12,-0.0003345797943027362
2025-09-15,0.005323880160421179
2025-09-16,-0.0013768692449287467
2025-09-17,-0.0012423560605266948
2025-09-18,0.004672452908252023
2025-09-19,0.004952835223685836
2025-09-22,0.004731075170536503
2025-09-23,-0.005443591771073009
2025-09-24,-0.0031815658943793457
2025-09-25,-0.004613504621998388
2025-09-26,0.0057290777314567
2025-09-29,0.0028104096748033935
2025-09-30,0.003766875644270362
2025-10-01,0.0034075168215907947
2025-10-02,0.0011518565068935338
2025-10-03,-1.4866158967619114e-05
2025-10-06,0.003586263355458641
2025-10-07,-0.003707494362329311
2025-10-08,0.005963041402874625
2025-10-09,-0.0028970186885769467
2025-10-10,-0.027027764376787222
2025-10-13,0.015344029580113494
2025-10-14,-0.0012216421112398734
2025-10-15,0.00443954899070742
2025-10-16,-0.006810241559458086
2025-10-17,0.0056763137515907225
2025-10-20,0.010400477117627371
2025-10-21,-1.4911017141350236e-05
2025-10-22,-0.005198930936866852
2025-10-23,0.005929952148911788
2025-10-24,0.008172546972973871
2025-10-27,0.011797696913067535
2025-10-28,0.002656014462314449
2025-10-29,0.00048033227231458753
2025-10-30,-0.010998119550020391
2025-10-31,0.0032802030105936186
